2026-03-12 10:03:08,301 - __main__ - INFO - ============================================================
2026-03-12 10:03:08,301 - __main__ - INFO - MODEL 1 TRAINING
2026-03-12 10:03:08,301 - __main__ - INFO - Started: 2026-03-12 10:03:08
2026-03-12 10:03:08,301 - __main__ - INFO - ============================================================
2026-03-12 10:03:08,301 - __main__ - INFO - Model name: lasso_cv
2026-03-12 10:03:08,301 - __main__ - INFO - L1 ratio: default (1.0 for TCR, 0.25 for BCR)
2026-03-12 10:03:08,301 - __main__ - INFO - n_pcs: 15
2026-03-12 10:03:08,301 - __main__ - INFO - Folds: [0, 1, 2]
2026-03-12 10:03:08,301 - __main__ - INFO - Output: models/model1
2026-03-12 10:03:08,301 - __main__ - INFO - Cache: cache
2026-03-12 10:03:08,301 - __main__ - INFO - 
2026-03-12 10:03:08,301 - __main__ - INFO - Initializing data loader...
2026-03-12 10:03:08,303 - __main__ - INFO - Cache status:
2026-03-12 10:03:08,303 - __main__ - INFO -   Participant cache: 542 files
2026-03-12 10:03:08,303 - __main__ - INFO -   Fold cache: 6 files
2026-03-12 10:03:08,303 - __main__ - INFO - 
============================================================
2026-03-12 10:03:08,303 - __main__ - INFO - FOLD 0
2026-03-12 10:03:08,303 - __main__ - INFO - ============================================================

2026-03-12 10:03:08,303 - __main__ - INFO - Loading training data (fold 0)...
2026-03-12 10:03:08,303 - malid.dataloader.base - INFO - Loading metadata...
2026-03-12 10:03:08,305 - malid.dataloader.base - INFO - Total samples in metadata: 616
2026-03-12 10:03:08,306 - malid.dataloader.base - INFO - Samples with TCR data: 550
2026-03-12 10:03:08,309 - malid.dataloader.base - INFO - Data files: 542 found, 0 missing
2026-03-12 10:03:08,310 - malid.dataloader.base - INFO - Fold distribution:
malid_cross_validation_fold_id_when_in_test_set
1    186
0    184
2    180
Name: count, dtype: int64
2026-03-12 10:03:08,310 - malid.dataloader.base - INFO - Metadata loaded successfully
2026-03-12 10:03:08,310 - malid.dataloader.base - INFO - Loading fold 0 train: 366 specimens
2026-03-12 10:03:08,533 - malid.dataloader.base - INFO - M124-S014: KEPT - 69601 sequences (69601 clones)
2026-03-12 10:03:08,631 - malid.dataloader.base - INFO - M124-S041: KEPT - 57873 sequences (57873 clones)
2026-03-12 10:03:08,734 - malid.dataloader.base - INFO - M124-S012: KEPT - 54261 sequences (54261 clones)
2026-03-12 10:03:08,790 - malid.dataloader.base - INFO - M124-S037: KEPT - 17380 sequences (17380 clones)
2026-03-12 10:03:08,879 - malid.dataloader.base - INFO - M124-S035: KEPT - 44068 sequences (44068 clones)
2026-03-12 10:03:08,963 - malid.dataloader.base - INFO - M124-S038: KEPT - 38441 sequences (38441 clones)
2026-03-12 10:03:09,078 - malid.dataloader.base - INFO - M124-S039: KEPT - 43216 sequences (43216 clones)
2026-03-12 10:03:09,182 - malid.dataloader.base - INFO - M64-004: KEPT - 33598 sequences (33598 clones)
2026-03-12 10:03:09,273 - malid.dataloader.base - INFO - M64-005: KEPT - 32171 sequences (32171 clones)
2026-03-12 10:03:09,369 - malid.dataloader.base - INFO - M64-006: KEPT - 32900 sequences (32900 clones)
2026-03-12 10:03:09,440 - malid.dataloader.base - INFO - M64-008: KEPT - 17591 sequences (17591 clones)
2026-03-12 10:03:09,524 - malid.dataloader.base - INFO - M64-009: KEPT - 27020 sequences (27020 clones)
2026-03-12 10:03:09,675 - malid.dataloader.base - INFO - M64-012: KEPT - 68731 sequences (68206 clones)
2026-03-12 10:03:09,717 - malid.dataloader.base - INFO - M64-013: KEPT - 4226 sequences (4226 clones)
2026-03-12 10:03:09,826 - malid.dataloader.base - INFO - M64-016: KEPT - 43941 sequences (43941 clones)
2026-03-12 10:03:09,942 - malid.dataloader.base - INFO - M64-018: KEPT - 55926 sequences (55926 clones)
2026-03-12 10:03:10,090 - malid.dataloader.base - INFO - M64-019: KEPT - 74006 sequences (74006 clones)
2026-03-12 10:03:10,227 - malid.dataloader.base - INFO - M64-021: KEPT - 69509 sequences (69509 clones)
2026-03-12 10:03:10,402 - malid.dataloader.base - INFO - M64-022: KEPT - 86490 sequences (86490 clones)
2026-03-12 10:03:10,523 - malid.dataloader.base - INFO - M64-027: KEPT - 60524 sequences (60524 clones)
2026-03-12 10:03:10,656 - malid.dataloader.base - INFO - M64-028: KEPT - 70643 sequences (70643 clones)
2026-03-12 10:03:10,789 - malid.dataloader.base - INFO - M64-030: KEPT - 67418 sequences (67418 clones)
2026-03-12 10:03:10,954 - malid.dataloader.base - INFO - M64-031: KEPT - 58925 sequences (58925 clones)
2026-03-12 10:03:11,071 - malid.dataloader.base - INFO - M64-033: KEPT - 42225 sequences (42135 clones)
2026-03-12 10:03:11,134 - malid.dataloader.base - INFO - M64-034: KEPT - 13862 sequences (13862 clones)
2026-03-12 10:03:11,244 - malid.dataloader.base - INFO - M64-036: KEPT - 45667 sequences (45667 clones)
2026-03-12 10:03:11,341 - malid.dataloader.base - INFO - M64-037: KEPT - 30671 sequences (30030 clones)
2026-03-12 10:03:11,574 - malid.dataloader.base - INFO - M64-038: KEPT - 113403 sequences (110576 clones)
2026-03-12 10:03:11,738 - malid.dataloader.base - INFO - M64-039: KEPT - 84931 sequences (84931 clones)
2026-03-12 10:03:11,778 - malid.dataloader.base - INFO - M64-042: KEPT - 4801 sequences (4801 clones)
2026-03-12 10:03:11,879 - malid.dataloader.base - INFO - M64-046: KEPT - 45274 sequences (45274 clones)
2026-03-12 10:03:11,979 - malid.dataloader.base - INFO - M64-048: KEPT - 37644 sequences (36382 clones)
2026-03-12 10:03:12,095 - malid.dataloader.base - INFO - M64-049: KEPT - 41618 sequences (41580 clones)
2026-03-12 10:03:12,175 - malid.dataloader.base - INFO - M64-050: KEPT - 22449 sequences (22449 clones)
2026-03-12 10:03:12,345 - malid.dataloader.base - INFO - M64-051: KEPT - 76668 sequences (75436 clones)
2026-03-12 10:03:12,498 - malid.dataloader.base - INFO - M64-052: KEPT - 63755 sequences (63249 clones)
2026-03-12 10:03:12,641 - malid.dataloader.base - INFO - M64-055: KEPT - 62092 sequences (59905 clones)
2026-03-12 10:03:12,720 - malid.dataloader.base - INFO - M64-059: KEPT - 10284 sequences (10284 clones)
2026-03-12 10:03:12,911 - malid.dataloader.base - INFO - M64-060: KEPT - 59280 sequences (57593 clones)
2026-03-12 10:03:13,114 - malid.dataloader.base - INFO - M64-061: KEPT - 62178 sequences (59099 clones)
2026-03-12 10:03:13,198 - malid.dataloader.base - INFO - M64-063: KEPT - 9068 sequences (9039 clones)
2026-03-12 10:03:13,302 - malid.dataloader.base - INFO - M64-064: KEPT - 43717 sequences (43013 clones)
2026-03-12 10:03:13,401 - malid.dataloader.base - INFO - M64-067: KEPT - 41556 sequences (41556 clones)
2026-03-12 10:03:13,653 - malid.dataloader.base - INFO - M64-069: KEPT - 98333 sequences (92942 clones)
2026-03-12 10:03:13,830 - malid.dataloader.base - INFO - M64-070: KEPT - 95573 sequences (95573 clones)
2026-03-12 10:03:13,939 - malid.dataloader.base - INFO - M64-071: KEPT - 45463 sequences (45463 clones)
2026-03-12 10:03:14,032 - malid.dataloader.base - INFO - M64-072: KEPT - 33392 sequences (33392 clones)
2026-03-12 10:03:14,235 - malid.dataloader.base - INFO - M64-073: KEPT - 82536 sequences (81811 clones)
2026-03-12 10:03:14,394 - malid.dataloader.base - INFO - M64-074: KEPT - 83836 sequences (83836 clones)
2026-03-12 10:03:14,497 - malid.dataloader.base - INFO - M64-075: KEPT - 19739 sequences (19736 clones)
2026-03-12 10:03:14,617 - malid.dataloader.base - INFO - M64-076: KEPT - 53054 sequences (53054 clones)
2026-03-12 10:03:14,704 - malid.dataloader.base - INFO - M64-079: KEPT - 28801 sequences (28801 clones)
2026-03-12 10:03:15,058 - malid.dataloader.base - INFO - M64-080: KEPT - 154445 sequences (146818 clones)
2026-03-12 10:03:15,218 - malid.dataloader.base - INFO - M64-082: KEPT - 82147 sequences (82147 clones)
2026-03-12 10:03:15,361 - malid.dataloader.base - INFO - M64-083: KEPT - 65701 sequences (65701 clones)
2026-03-12 10:03:15,687 - malid.dataloader.base - INFO - M64-087: KEPT - 125703 sequences (117290 clones)
2026-03-12 10:03:15,826 - malid.dataloader.base - INFO - M64-088: KEPT - 63197 sequences (63197 clones)
2026-03-12 10:03:16,073 - malid.dataloader.base - INFO - M64-091: KEPT - 98386 sequences (93952 clones)
2026-03-12 10:03:16,192 - malid.dataloader.base - INFO - M64-092: KEPT - 52142 sequences (52142 clones)
2026-03-12 10:03:16,473 - malid.dataloader.base - INFO - M64-093: KEPT - 123417 sequences (117379 clones)
2026-03-12 10:03:16,502 - malid.dataloader.base - INFO - M64-094: KEPT - 2689 sequences (2689 clones)
2026-03-12 10:03:16,559 - malid.dataloader.base - INFO - M64-095: KEPT - 12264 sequences (12264 clones)
2026-03-12 10:03:16,622 - malid.dataloader.base - INFO - M64-096: KEPT - 20605 sequences (20605 clones)
2026-03-12 10:03:16,854 - malid.dataloader.base - INFO - M64-097: KEPT - 92427 sequences (84193 clones)
2026-03-12 10:03:16,989 - malid.dataloader.base - INFO - M64-098: KEPT - 67219 sequences (67219 clones)
2026-03-12 10:03:17,116 - malid.dataloader.base - INFO - M64-099: KEPT - 56422 sequences (56422 clones)
2026-03-12 10:03:17,228 - malid.dataloader.base - INFO - M64-100: KEPT - 42054 sequences (42054 clones)
2026-03-12 10:03:17,343 - malid.dataloader.base - INFO - M64-104: KEPT - 46788 sequences (46788 clones)
2026-03-12 10:03:17,579 - malid.dataloader.base - INFO - M64-105: KEPT - 121574 sequences (121574 clones)
2026-03-12 10:03:17,752 - malid.dataloader.base - INFO - M64-106: KEPT - 70910 sequences (70910 clones)
2026-03-12 10:03:17,922 - malid.dataloader.base - INFO - M64-108: KEPT - 91098 sequences (91098 clones)
2026-03-12 10:03:18,067 - malid.dataloader.base - INFO - M64-110: KEPT - 69404 sequences (69404 clones)
2026-03-12 10:03:18,260 - malid.dataloader.base - INFO - M64-113: KEPT - 94233 sequences (94233 clones)
2026-03-12 10:03:18,334 - malid.dataloader.base - INFO - M124-S001: KEPT - 42696 sequences (42696 clones)
2026-03-12 10:03:18,418 - malid.dataloader.base - INFO - M124-S003: KEPT - 48821 sequences (48821 clones)
2026-03-12 10:03:18,516 - malid.dataloader.base - INFO - M124-S004: KEPT - 50469 sequences (50469 clones)
2026-03-12 10:03:18,606 - malid.dataloader.base - INFO - M124-S007: KEPT - 50832 sequences (50832 clones)
2026-03-12 10:03:18,687 - malid.dataloader.base - INFO - M124-S008: KEPT - 44294 sequences (44294 clones)
2026-03-12 10:03:18,831 - malid.dataloader.base - INFO - M124-S010: KEPT - 63406 sequences (63406 clones)
2026-03-12 10:03:18,932 - malid.dataloader.base - INFO - M124-S011: KEPT - 57876 sequences (57876 clones)
2026-03-12 10:03:19,077 - malid.dataloader.base - INFO - M124-S015: KEPT - 64679 sequences (64679 clones)
2026-03-12 10:03:19,282 - malid.dataloader.base - INFO - M124-S016: KEPT - 104711 sequences (104711 clones)
2026-03-12 10:03:19,437 - malid.dataloader.base - INFO - M124-S017: KEPT - 85413 sequences (85413 clones)
2026-03-12 10:03:19,559 - malid.dataloader.base - INFO - M124-S019: KEPT - 66698 sequences (66698 clones)
2026-03-12 10:03:19,705 - malid.dataloader.base - INFO - M124-S020: KEPT - 81807 sequences (81807 clones)
2026-03-12 10:03:19,871 - malid.dataloader.base - INFO - M124-S021: KEPT - 92319 sequences (92319 clones)
2026-03-12 10:03:20,018 - malid.dataloader.base - INFO - M124-S022: KEPT - 81215 sequences (81215 clones)
2026-03-12 10:03:20,175 - malid.dataloader.base - INFO - M124-S023: KEPT - 89793 sequences (89793 clones)
2026-03-12 10:03:20,333 - malid.dataloader.base - INFO - M124-S024: KEPT - 92281 sequences (92281 clones)
2026-03-12 10:03:20,361 - malid.dataloader.base - INFO - M124-S025: KEPT - 3933 sequences (3933 clones)
2026-03-12 10:03:20,458 - malid.dataloader.base - INFO - M124-S026: KEPT - 58564 sequences (58564 clones)
2026-03-12 10:03:20,538 - malid.dataloader.base - INFO - M124-S028: KEPT - 51849 sequences (51849 clones)
2026-03-12 10:03:20,598 - malid.dataloader.base - INFO - M124-S029: KEPT - 34934 sequences (34934 clones)
2026-03-12 10:03:20,689 - malid.dataloader.base - INFO - M124-S034: KEPT - 53299 sequences (53299 clones)
2026-03-12 10:03:20,794 - malid.dataloader.base - INFO - M124-S043: KEPT - 62969 sequences (62969 clones)
2026-03-12 10:03:20,834 - malid.dataloader.base - INFO - M454-S029: KEPT - 11219 sequences (11219 clones)
2026-03-12 10:03:20,912 - malid.dataloader.base - INFO - M454-S030: KEPT - 23474 sequences (23474 clones)
2026-03-12 10:03:20,975 - malid.dataloader.base - INFO - M454-S032: KEPT - 20875 sequences (20875 clones)
2026-03-12 10:03:21,197 - malid.dataloader.base - INFO - M464-S001: KEPT - 110630 sequences (110630 clones)
2026-03-12 10:03:21,418 - malid.dataloader.base - INFO - M464-S004: KEPT - 112203 sequences (112203 clones)
2026-03-12 10:03:21,640 - malid.dataloader.base - INFO - M464-S005: KEPT - 110877 sequences (110877 clones)
2026-03-12 10:03:21,832 - malid.dataloader.base - INFO - M464-S008: KEPT - 94394 sequences (94394 clones)
2026-03-12 10:03:21,912 - malid.dataloader.base - INFO - M464-S009: KEPT - 19832 sequences (19832 clones)
2026-03-12 10:03:22,080 - malid.dataloader.base - INFO - M464-S011: KEPT - 76856 sequences (76856 clones)
2026-03-12 10:03:22,198 - malid.dataloader.base - INFO - M464-S012: KEPT - 36344 sequences (36344 clones)
2026-03-12 10:03:22,460 - malid.dataloader.base - INFO - M464-S013: KEPT - 138913 sequences (138913 clones)
2026-03-12 10:03:22,670 - malid.dataloader.base - INFO - M464-S015: KEPT - 109888 sequences (109888 clones)
2026-03-12 10:03:22,922 - malid.dataloader.base - INFO - M464-S016: KEPT - 129870 sequences (129870 clones)
2026-03-12 10:03:23,173 - malid.dataloader.base - INFO - M464-S017: KEPT - 135711 sequences (135711 clones)
2026-03-12 10:03:23,459 - malid.dataloader.base - INFO - M464-S019: KEPT - 155835 sequences (155835 clones)
2026-03-12 10:03:23,594 - malid.dataloader.base - INFO - M464-S020: KEPT - 54816 sequences (54816 clones)
2026-03-12 10:03:23,732 - malid.dataloader.base - INFO - M464-S021: KEPT - 52848 sequences (52848 clones)
2026-03-12 10:03:23,959 - malid.dataloader.base - INFO - M464-S022: KEPT - 109498 sequences (109498 clones)
2026-03-12 10:03:24,044 - malid.dataloader.base - INFO - M464-S023: KEPT - 23371 sequences (23371 clones)
2026-03-12 10:03:24,291 - malid.dataloader.base - INFO - M464-S024: KEPT - 129136 sequences (129136 clones)
2026-03-12 10:03:24,473 - malid.dataloader.base - INFO - M464-S025: KEPT - 72522 sequences (72522 clones)
2026-03-12 10:03:24,640 - malid.dataloader.base - INFO - M464-S026: KEPT - 74872 sequences (74872 clones)
2026-03-12 10:03:24,840 - malid.dataloader.base - INFO - M464-S028: KEPT - 92098 sequences (92098 clones)
2026-03-12 10:03:25,032 - malid.dataloader.base - INFO - M464-S029: KEPT - 90837 sequences (90837 clones)
2026-03-12 10:03:25,199 - malid.dataloader.base - INFO - M464-S030: KEPT - 89874 sequences (89874 clones)
2026-03-12 10:03:25,377 - malid.dataloader.base - INFO - M464-S031: KEPT - 80390 sequences (80390 clones)
2026-03-12 10:03:25,603 - malid.dataloader.base - INFO - M464-S032: KEPT - 98372 sequences (98372 clones)
2026-03-12 10:03:25,810 - malid.dataloader.base - INFO - M464-S035: KEPT - 107243 sequences (107243 clones)
2026-03-12 10:03:26,031 - malid.dataloader.base - INFO - M464-S036: KEPT - 111176 sequences (111176 clones)
2026-03-12 10:03:26,287 - malid.dataloader.base - INFO - M464-S037: KEPT - 139927 sequences (139927 clones)
2026-03-12 10:03:26,481 - malid.dataloader.base - INFO - M464-S039: KEPT - 97316 sequences (97316 clones)
2026-03-12 10:03:26,701 - malid.dataloader.base - INFO - M464-S044: KEPT - 107181 sequences (107181 clones)
2026-03-12 10:03:26,813 - malid.dataloader.base - INFO - M464-S045: KEPT - 40299 sequences (40299 clones)
2026-03-12 10:03:26,911 - malid.dataloader.base - INFO - M464-S046: KEPT - 29347 sequences (29347 clones)
2026-03-12 10:03:26,959 - malid.dataloader.base - INFO - M491-S035: KEPT - 22192 sequences (22192 clones)
2026-03-12 10:03:27,005 - malid.dataloader.base - INFO - M491-S088: KEPT - 23244 sequences (23244 clones)
2026-03-12 10:03:27,089 - malid.dataloader.base - INFO - M111-S033: KEPT - 46514 sequences (46514 clones)
2026-03-12 10:03:27,179 - malid.dataloader.base - INFO - M111-S038: KEPT - 48741 sequences (48741 clones)
2026-03-12 10:03:27,356 - malid.dataloader.base - INFO - M111-S055: KEPT - 58857 sequences (58857 clones)
2026-03-12 10:03:27,420 - malid.dataloader.base - INFO - M124-S070: KEPT - 41765 sequences (41765 clones)
2026-03-12 10:03:27,528 - malid.dataloader.base - INFO - M111-S042: KEPT - 18314 sequences (18314 clones)
2026-03-12 10:03:27,590 - malid.dataloader.base - INFO - M111-S018: KEPT - 27584 sequences (27584 clones)
2026-03-12 10:03:27,653 - malid.dataloader.base - INFO - M111-S034: KEPT - 28723 sequences (28723 clones)
2026-03-12 10:03:27,727 - malid.dataloader.base - INFO - M111-S040: KEPT - 37612 sequences (37612 clones)
2026-03-12 10:03:27,784 - malid.dataloader.base - INFO - M111-S041: KEPT - 24851 sequences (24851 clones)
2026-03-12 10:03:27,855 - malid.dataloader.base - INFO - M111-S039: KEPT - 34011 sequences (34011 clones)
2026-03-12 10:03:27,932 - malid.dataloader.base - INFO - M111-S022: KEPT - 37430 sequences (37430 clones)
2026-03-12 10:03:28,011 - malid.dataloader.base - INFO - M111-S019: KEPT - 42643 sequences (42643 clones)
2026-03-12 10:03:28,108 - malid.dataloader.base - INFO - M111-S013: KEPT - 53705 sequences (53705 clones)
2026-03-12 10:03:28,171 - malid.dataloader.base - INFO - M111-S026: KEPT - 29350 sequences (29350 clones)
2026-03-12 10:03:28,247 - malid.dataloader.base - INFO - M111-S032: KEPT - 29414 sequences (29414 clones)
2026-03-12 10:03:28,314 - malid.dataloader.base - INFO - M111-S027: KEPT - 28369 sequences (28369 clones)
2026-03-12 10:03:28,409 - malid.dataloader.base - INFO - M111-S004: KEPT - 45222 sequences (45222 clones)
2026-03-12 10:03:28,476 - malid.dataloader.base - INFO - M111-S008: KEPT - 24944 sequences (24944 clones)
2026-03-12 10:03:28,541 - malid.dataloader.base - INFO - M111-S001: KEPT - 30148 sequences (30148 clones)
2026-03-12 10:03:28,629 - malid.dataloader.base - INFO - M111-S005: KEPT - 42009 sequences (42009 clones)
2026-03-12 10:03:28,690 - malid.dataloader.base - INFO - M111-S024: KEPT - 28666 sequences (28666 clones)
2026-03-12 10:03:28,758 - malid.dataloader.base - INFO - M111-S053: KEPT - 31004 sequences (31004 clones)
2026-03-12 10:03:28,825 - malid.dataloader.base - INFO - M111-S045: KEPT - 31223 sequences (31223 clones)
2026-03-12 10:03:28,913 - malid.dataloader.base - INFO - M111-S044: KEPT - 46412 sequences (46412 clones)
2026-03-12 10:03:28,991 - malid.dataloader.base - INFO - M111-S006: KEPT - 35573 sequences (35573 clones)
2026-03-12 10:03:29,082 - malid.dataloader.base - INFO - M111-S046: KEPT - 50791 sequences (50791 clones)
2026-03-12 10:03:29,166 - malid.dataloader.base - INFO - M111-S047: KEPT - 46621 sequences (46621 clones)
2026-03-12 10:03:29,269 - malid.dataloader.base - INFO - M111-S050: KEPT - 55446 sequences (55446 clones)
2026-03-12 10:03:29,333 - malid.dataloader.base - INFO - M111-S017: KEPT - 30927 sequences (30927 clones)
2026-03-12 10:03:29,447 - malid.dataloader.base - INFO - M111-S015: KEPT - 61132 sequences (61132 clones)
2026-03-12 10:03:29,535 - malid.dataloader.base - INFO - M111-S010: KEPT - 46910 sequences (46910 clones)
2026-03-12 10:03:29,652 - malid.dataloader.base - INFO - M111-S002: KEPT - 64618 sequences (64618 clones)
2026-03-12 10:03:29,724 - malid.dataloader.base - INFO - M111-S012: KEPT - 27598 sequences (27598 clones)
2026-03-12 10:03:29,823 - malid.dataloader.base - INFO - M111-S051: KEPT - 56766 sequences (56766 clones)
2026-03-12 10:03:29,931 - malid.dataloader.base - INFO - M111-S052: KEPT - 56630 sequences (56630 clones)
2026-03-12 10:03:30,018 - malid.dataloader.base - INFO - M111-S049: KEPT - 46676 sequences (46676 clones)
2026-03-12 10:03:30,231 - malid.dataloader.base - INFO - M111-S029: KEPT - 79083 sequences (79083 clones)
2026-03-12 10:03:30,289 - malid.dataloader.base - INFO - M124-S045: KEPT - 25562 sequences (25562 clones)
2026-03-12 10:03:30,356 - malid.dataloader.base - INFO - M124-S046: KEPT - 33890 sequences (33890 clones)
2026-03-12 10:03:30,452 - malid.dataloader.base - INFO - M124-S047: KEPT - 35814 sequences (35814 clones)
2026-03-12 10:03:30,506 - malid.dataloader.base - INFO - M124-S049: KEPT - 25799 sequences (25799 clones)
2026-03-12 10:03:30,579 - malid.dataloader.base - INFO - M124-S050: KEPT - 42024 sequences (42024 clones)
2026-03-12 10:03:30,677 - malid.dataloader.base - INFO - M124-S051: KEPT - 57265 sequences (57265 clones)
2026-03-12 10:03:30,762 - malid.dataloader.base - INFO - M124-S052: KEPT - 50714 sequences (50714 clones)
2026-03-12 10:03:30,822 - malid.dataloader.base - INFO - M124-S053: KEPT - 31983 sequences (31983 clones)
2026-03-12 10:03:30,889 - malid.dataloader.base - INFO - M124-S056: KEPT - 35728 sequences (35728 clones)
2026-03-12 10:03:30,966 - malid.dataloader.base - INFO - M124-S057: KEPT - 41345 sequences (41345 clones)
2026-03-12 10:03:31,049 - malid.dataloader.base - INFO - M124-S059: KEPT - 44264 sequences (44264 clones)
2026-03-12 10:03:31,083 - malid.dataloader.base - INFO - M124-S061: KEPT - 9202 sequences (9202 clones)
2026-03-12 10:03:31,155 - malid.dataloader.base - INFO - M124-S062: KEPT - 40087 sequences (40087 clones)
2026-03-12 10:03:31,223 - malid.dataloader.base - INFO - M124-S063: KEPT - 35154 sequences (35154 clones)
2026-03-12 10:03:31,273 - malid.dataloader.base - INFO - M124-S069: KEPT - 22377 sequences (22377 clones)
2026-03-12 10:03:31,344 - malid.dataloader.base - INFO - M124-S071: KEPT - 33337 sequences (33337 clones)
2026-03-12 10:03:31,428 - malid.dataloader.base - INFO - M124-S074: KEPT - 39136 sequences (39136 clones)
2026-03-12 10:03:31,509 - malid.dataloader.base - INFO - M124-S075: KEPT - 40034 sequences (40034 clones)
2026-03-12 10:03:31,607 - malid.dataloader.base - INFO - M124-S076: KEPT - 51830 sequences (51830 clones)
2026-03-12 10:03:31,688 - malid.dataloader.base - INFO - M124-S077: KEPT - 42088 sequences (42088 clones)
2026-03-12 10:03:31,746 - malid.dataloader.base - INFO - M124-S078: KEPT - 28127 sequences (28127 clones)
2026-03-12 10:03:31,818 - malid.dataloader.base - INFO - M124-S079: KEPT - 36716 sequences (36716 clones)
2026-03-12 10:03:31,897 - malid.dataloader.base - INFO - M124-S081: KEPT - 39709 sequences (39709 clones)
2026-03-12 10:03:31,962 - malid.dataloader.base - INFO - M124-S082: KEPT - 35530 sequences (35530 clones)
2026-03-12 10:03:32,051 - malid.dataloader.base - INFO - M124-S084: KEPT - 47348 sequences (47348 clones)
2026-03-12 10:03:32,153 - malid.dataloader.base - INFO - M124-S064: KEPT - 28670 sequences (28670 clones)
2026-03-12 10:03:32,210 - malid.dataloader.base - INFO - M124-S085: KEPT - 35369 sequences (35369 clones)
2026-03-12 10:03:32,317 - malid.dataloader.base - INFO - M124-S087: KEPT - 38663 sequences (38663 clones)
2026-03-12 10:03:32,452 - malid.dataloader.base - INFO - M447-S032: KEPT - 77555 sequences (77555 clones)
2026-03-12 10:03:32,551 - malid.dataloader.base - INFO - M447-S033: KEPT - 50283 sequences (50283 clones)
2026-03-12 10:03:32,644 - malid.dataloader.base - INFO - M447-S036: KEPT - 47562 sequences (47562 clones)
2026-03-12 10:03:32,773 - malid.dataloader.base - INFO - M447-S037: KEPT - 63064 sequences (63064 clones)
2026-03-12 10:03:32,908 - malid.dataloader.base - INFO - M447-S039: KEPT - 68359 sequences (68359 clones)
2026-03-12 10:03:32,994 - malid.dataloader.base - INFO - M447-S040: KEPT - 40485 sequences (40485 clones)
2026-03-12 10:03:33,059 - malid.dataloader.base - INFO - M447-S041: KEPT - 24260 sequences (24260 clones)
2026-03-12 10:03:33,103 - malid.dataloader.base - INFO - M447-S042: KEPT - 7935 sequences (7935 clones)
2026-03-12 10:03:33,188 - malid.dataloader.base - INFO - M447-S043: KEPT - 38143 sequences (38143 clones)
2026-03-12 10:03:33,324 - malid.dataloader.base - INFO - M447-S001: KEPT - 69669 sequences (69669 clones)
2026-03-12 10:03:33,405 - malid.dataloader.base - INFO - M447-S005: KEPT - 33256 sequences (33256 clones)
2026-03-12 10:03:33,564 - malid.dataloader.base - INFO - M447-S006: KEPT - 82325 sequences (82325 clones)
2026-03-12 10:03:33,670 - malid.dataloader.base - INFO - M447-S007: KEPT - 53443 sequences (53443 clones)
2026-03-12 10:03:33,769 - malid.dataloader.base - INFO - M447-S010: KEPT - 48812 sequences (48812 clones)
2026-03-12 10:03:33,902 - malid.dataloader.base - INFO - M447-S012: KEPT - 65284 sequences (65284 clones)
2026-03-12 10:03:34,044 - malid.dataloader.base - INFO - M447-S014: KEPT - 73426 sequences (73426 clones)
2026-03-12 10:03:34,171 - malid.dataloader.base - INFO - M447-S015: KEPT - 65181 sequences (65181 clones)
2026-03-12 10:03:34,289 - malid.dataloader.base - INFO - M447-S017: KEPT - 57434 sequences (57434 clones)
2026-03-12 10:03:34,397 - malid.dataloader.base - INFO - M447-S018: KEPT - 54007 sequences (54007 clones)
2026-03-12 10:03:34,534 - malid.dataloader.base - INFO - M447-S019: KEPT - 70718 sequences (70718 clones)
2026-03-12 10:03:34,651 - malid.dataloader.base - INFO - M447-S020: KEPT - 60501 sequences (60501 clones)
2026-03-12 10:03:34,783 - malid.dataloader.base - INFO - M447-S022: KEPT - 65478 sequences (65478 clones)
2026-03-12 10:03:34,914 - malid.dataloader.base - INFO - M447-S024: KEPT - 63969 sequences (63969 clones)
2026-03-12 10:03:35,021 - malid.dataloader.base - INFO - M447-S027: KEPT - 47076 sequences (47076 clones)
2026-03-12 10:03:35,121 - malid.dataloader.base - INFO - M447-S028: KEPT - 51713 sequences (51713 clones)
2026-03-12 10:03:35,251 - malid.dataloader.base - INFO - M447-S030: KEPT - 63042 sequences (63042 clones)
2026-03-12 10:03:35,304 - malid.dataloader.base - INFO - M454-S011: KEPT - 9125 sequences (9125 clones)
2026-03-12 10:03:35,394 - malid.dataloader.base - INFO - M454-S019: KEPT - 9245 sequences (9245 clones)
2026-03-12 10:03:35,484 - malid.dataloader.base - INFO - M454-S020: KEPT - 29471 sequences (29471 clones)
2026-03-12 10:03:35,515 - malid.dataloader.base - INFO - M454-S021: KEPT - 2649 sequences (2649 clones)
2026-03-12 10:03:35,636 - malid.dataloader.base - INFO - M454-S031: KEPT - 42427 sequences (42427 clones)
2026-03-12 10:03:35,762 - malid.dataloader.base - INFO - M454-S033: KEPT - 54829 sequences (54829 clones)
2026-03-12 10:03:35,893 - malid.dataloader.base - INFO - M454-S035: KEPT - 59087 sequences (59087 clones)
2026-03-12 10:03:36,048 - malid.dataloader.base - INFO - M454-S046: KEPT - 25030 sequences (25030 clones)
2026-03-12 10:03:36,138 - malid.dataloader.base - INFO - M454-S059: KEPT - 39526 sequences (39526 clones)
2026-03-12 10:03:36,216 - malid.dataloader.base - INFO - M454-S052: KEPT - 17153 sequences (17153 clones)
2026-03-12 10:03:36,347 - malid.dataloader.base - INFO - M454-S058: KEPT - 52965 sequences (52965 clones)
2026-03-12 10:03:36,490 - malid.dataloader.base - INFO - M454-S060: KEPT - 62359 sequences (62359 clones)
2026-03-12 10:03:36,566 - malid.dataloader.base - INFO - M454-S017: KEPT - 23377 sequences (23377 clones)
2026-03-12 10:03:36,995 - malid.dataloader.base - INFO - M456-S001: KEPT - 90808 sequences (90808 clones)
2026-03-12 10:03:37,192 - malid.dataloader.base - INFO - M456-S002: KEPT - 46063 sequences (46063 clones)
2026-03-12 10:03:37,640 - malid.dataloader.base - INFO - M456-S006: KEPT - 104036 sequences (104036 clones)
2026-03-12 10:03:38,089 - malid.dataloader.base - INFO - M456-S009: KEPT - 123198 sequences (123198 clones)
2026-03-12 10:03:39,730 - malid.dataloader.base - INFO - M369-S007: KEPT - 265813 sequences (265813 clones)
2026-03-12 10:03:39,793 - malid.dataloader.base - INFO - M371-S002: KEPT - 11672 sequences (11672 clones)
2026-03-12 10:03:39,867 - malid.dataloader.base - INFO - M371-S031: KEPT - 19404 sequences (19404 clones)
2026-03-12 10:03:39,885 - malid.dataloader.base - INFO - M371-S032: KEPT - 1899 sequences (1899 clones)
2026-03-12 10:03:39,935 - malid.dataloader.base - INFO - M371-S033: KEPT - 6058 sequences (6058 clones)
2026-03-12 10:03:40,111 - malid.dataloader.base - INFO - M371-S005: KEPT - 5096 sequences (5096 clones)
2026-03-12 10:03:40,146 - malid.dataloader.base - INFO - M371-S006: KEPT - 4867 sequences (4867 clones)
2026-03-12 10:03:40,182 - malid.dataloader.base - INFO - M371-S007: KEPT - 4573 sequences (4573 clones)
2026-03-12 10:03:40,288 - malid.dataloader.base - INFO - M371-S008: KEPT - 4715 sequences (4715 clones)
2026-03-12 10:03:40,342 - malid.dataloader.base - INFO - M371-S024: KEPT - 14188 sequences (14188 clones)
2026-03-12 10:03:40,521 - malid.dataloader.base - INFO - M371-S009: KEPT - 6613 sequences (6613 clones)
2026-03-12 10:03:40,591 - malid.dataloader.base - INFO - M371-S010: KEPT - 19921 sequences (19921 clones)
2026-03-12 10:03:40,640 - malid.dataloader.base - INFO - M371-S025: KEPT - 10733 sequences (10733 clones)
2026-03-12 10:03:40,807 - malid.dataloader.base - INFO - M371-S011: KEPT - 15396 sequences (15396 clones)
2026-03-12 10:03:40,859 - malid.dataloader.base - INFO - M371-S026: KEPT - 12641 sequences (12641 clones)
2026-03-12 10:03:40,891 - malid.dataloader.base - INFO - M371-S027: KEPT - 2833 sequences (2833 clones)
2026-03-12 10:03:40,940 - malid.dataloader.base - INFO - M418-S198: KEPT - 13948 sequences (13948 clones)
2026-03-12 10:03:40,974 - malid.dataloader.base - INFO - M418-S205: KEPT - 10531 sequences (10531 clones)
2026-03-12 10:03:41,001 - malid.dataloader.base - INFO - M418-S219: KEPT - 5638 sequences (5638 clones)
2026-03-12 10:03:41,050 - malid.dataloader.base - INFO - M418-S230: KEPT - 5036 sequences (5036 clones)
2026-03-12 10:03:41,071 - malid.dataloader.base - INFO - M418-S231: KEPT - 6749 sequences (6749 clones)
2026-03-12 10:03:41,100 - malid.dataloader.base - INFO - M418-S232: KEPT - 10301 sequences (10301 clones)
2026-03-12 10:03:41,175 - malid.dataloader.base - INFO - M418-S095: KEPT - 19556 sequences (19556 clones)
2026-03-12 10:03:41,221 - malid.dataloader.base - INFO - M418-S096: KEPT - 26303 sequences (26303 clones)
2026-03-12 10:03:41,314 - malid.dataloader.base - INFO - M418-S110: KEPT - 15457 sequences (15457 clones)
2026-03-12 10:03:41,352 - malid.dataloader.base - INFO - M418-S111: KEPT - 20610 sequences (20610 clones)
2026-03-12 10:03:41,395 - malid.dataloader.base - INFO - M418-S112: KEPT - 24154 sequences (24154 clones)
2026-03-12 10:03:41,444 - malid.dataloader.base - INFO - M418-S139: KEPT - 13898 sequences (13898 clones)
2026-03-12 10:03:41,481 - malid.dataloader.base - INFO - M418-S144: KEPT - 13321 sequences (13321 clones)
2026-03-12 10:03:41,546 - malid.dataloader.base - INFO - M418-S148: KEPT - 13614 sequences (13614 clones)
2026-03-12 10:03:41,574 - malid.dataloader.base - INFO - M418-S149: KEPT - 11898 sequences (11898 clones)
2026-03-12 10:03:41,604 - malid.dataloader.base - INFO - M418-S150: KEPT - 15050 sequences (15050 clones)
2026-03-12 10:03:41,679 - malid.dataloader.base - INFO - M418-S161: KEPT - 20731 sequences (20731 clones)
2026-03-12 10:03:41,715 - malid.dataloader.base - INFO - M418-S162: KEPT - 19737 sequences (19737 clones)
2026-03-12 10:03:41,769 - malid.dataloader.base - INFO - M418-S163: KEPT - 17039 sequences (17039 clones)
2026-03-12 10:03:41,810 - malid.dataloader.base - INFO - M418-S169: KEPT - 13674 sequences (13674 clones)
2026-03-12 10:03:41,838 - malid.dataloader.base - INFO - M418-S180: KEPT - 6710 sequences (6710 clones)
2026-03-12 10:03:41,873 - malid.dataloader.base - INFO - M418-S184: KEPT - 11376 sequences (11376 clones)
2026-03-12 10:03:41,918 - malid.dataloader.base - INFO - M418-S192: KEPT - 21944 sequences (21944 clones)
2026-03-12 10:03:41,961 - malid.dataloader.base - INFO - M418-S193: KEPT - 12835 sequences (12835 clones)
2026-03-12 10:03:42,015 - malid.dataloader.base - INFO - M418-S001: KEPT - 10641 sequences (10641 clones)
2026-03-12 10:03:42,044 - malid.dataloader.base - INFO - M418-S002: KEPT - 13360 sequences (13360 clones)
2026-03-12 10:03:42,098 - malid.dataloader.base - INFO - M418-S007: KEPT - 7916 sequences (7916 clones)
2026-03-12 10:03:42,134 - malid.dataloader.base - INFO - M418-S008: KEPT - 19828 sequences (19828 clones)
2026-03-12 10:03:42,179 - malid.dataloader.base - INFO - M418-S009: KEPT - 14589 sequences (14589 clones)
2026-03-12 10:03:42,226 - malid.dataloader.base - INFO - M418-S014: KEPT - 22610 sequences (22610 clones)
2026-03-12 10:03:42,281 - malid.dataloader.base - INFO - M418-S016: KEPT - 26070 sequences (26070 clones)
2026-03-12 10:03:42,315 - malid.dataloader.base - INFO - M418-S021: KEPT - 10349 sequences (10349 clones)
2026-03-12 10:03:42,359 - malid.dataloader.base - INFO - M418-S024: KEPT - 17006 sequences (17006 clones)
2026-03-12 10:03:42,443 - malid.dataloader.base - INFO - M418-S026: KEPT - 12642 sequences (12642 clones)
2026-03-12 10:03:42,488 - malid.dataloader.base - INFO - M418-S031: KEPT - 18787 sequences (18787 clones)
2026-03-12 10:03:42,515 - malid.dataloader.base - INFO - M418-S032: KEPT - 4575 sequences (4575 clones)
2026-03-12 10:03:42,561 - malid.dataloader.base - INFO - M418-S033: KEPT - 19126 sequences (19126 clones)
2026-03-12 10:03:42,604 - malid.dataloader.base - INFO - M418-S035: KEPT - 15461 sequences (15461 clones)
2026-03-12 10:03:42,676 - malid.dataloader.base - INFO - M418-S038: KEPT - 17152 sequences (17152 clones)
2026-03-12 10:03:42,717 - malid.dataloader.base - INFO - M418-S039: KEPT - 20601 sequences (20601 clones)
2026-03-12 10:03:42,771 - malid.dataloader.base - INFO - M418-S043: KEPT - 11565 sequences (11565 clones)
2026-03-12 10:03:42,819 - malid.dataloader.base - INFO - M418-S044: KEPT - 19827 sequences (19827 clones)
2026-03-12 10:03:42,867 - malid.dataloader.base - INFO - M418-S047: KEPT - 20934 sequences (20934 clones)
2026-03-12 10:03:42,912 - malid.dataloader.base - INFO - M418-S049: KEPT - 17653 sequences (17653 clones)
2026-03-12 10:03:42,954 - malid.dataloader.base - INFO - M418-S054: KEPT - 13812 sequences (13812 clones)
2026-03-12 10:03:43,114 - malid.dataloader.base - INFO - M433-S001: KEPT - 35874 sequences (35874 clones)
2026-03-12 10:03:43,170 - malid.dataloader.base - INFO - M433-S038: KEPT - 32981 sequences (32981 clones)
2026-03-12 10:03:43,224 - malid.dataloader.base - INFO - M433-S076: KEPT - 30458 sequences (30458 clones)
2026-03-12 10:03:43,273 - malid.dataloader.base - INFO - M433-S113: KEPT - 30089 sequences (30089 clones)
2026-03-12 10:03:43,452 - malid.dataloader.base - INFO - M433-S002: KEPT - 40532 sequences (40532 clones)
2026-03-12 10:03:43,504 - malid.dataloader.base - INFO - M433-S039: KEPT - 31867 sequences (31867 clones)
2026-03-12 10:03:43,570 - malid.dataloader.base - INFO - M433-S077: KEPT - 41722 sequences (41722 clones)
2026-03-12 10:03:43,624 - malid.dataloader.base - INFO - M433-S114: KEPT - 33451 sequences (33451 clones)
2026-03-12 10:03:43,771 - malid.dataloader.base - INFO - M433-S003: KEPT - 31068 sequences (31068 clones)
2026-03-12 10:03:43,817 - malid.dataloader.base - INFO - M433-S040: KEPT - 26740 sequences (26740 clones)
2026-03-12 10:03:43,840 - malid.dataloader.base - INFO - M433-S078: KEPT - 7606 sequences (7606 clones)
2026-03-12 10:03:43,886 - malid.dataloader.base - INFO - M433-S115: KEPT - 27802 sequences (27802 clones)
2026-03-12 10:03:44,059 - malid.dataloader.base - INFO - M433-S005: KEPT - 43096 sequences (43096 clones)
2026-03-12 10:03:44,110 - malid.dataloader.base - INFO - M433-S042: KEPT - 31106 sequences (31106 clones)
2026-03-12 10:03:44,167 - malid.dataloader.base - INFO - M433-S080: KEPT - 37108 sequences (37108 clones)
2026-03-12 10:03:44,223 - malid.dataloader.base - INFO - M433-S117: KEPT - 36143 sequences (36143 clones)
2026-03-12 10:03:44,414 - malid.dataloader.base - INFO - M433-S007: KEPT - 45716 sequences (45716 clones)
2026-03-12 10:03:44,470 - malid.dataloader.base - INFO - M433-S044: KEPT - 38082 sequences (38082 clones)
2026-03-12 10:03:44,538 - malid.dataloader.base - INFO - M433-S082: KEPT - 44160 sequences (44160 clones)
2026-03-12 10:03:44,603 - malid.dataloader.base - INFO - M433-S119: KEPT - 43735 sequences (43735 clones)
2026-03-12 10:03:44,783 - malid.dataloader.base - INFO - M433-S008: KEPT - 39055 sequences (39055 clones)
2026-03-12 10:03:44,845 - malid.dataloader.base - INFO - M433-S045: KEPT - 40741 sequences (40741 clones)
2026-03-12 10:03:44,902 - malid.dataloader.base - INFO - M433-S083: KEPT - 38706 sequences (38706 clones)
2026-03-12 10:03:44,958 - malid.dataloader.base - INFO - M433-S120: KEPT - 36950 sequences (36950 clones)
2026-03-12 10:03:45,120 - malid.dataloader.base - INFO - M433-S009: KEPT - 31577 sequences (31577 clones)
2026-03-12 10:03:45,170 - malid.dataloader.base - INFO - M433-S046: KEPT - 31539 sequences (31539 clones)
2026-03-12 10:03:45,228 - malid.dataloader.base - INFO - M433-S084: KEPT - 35975 sequences (35975 clones)
2026-03-12 10:03:45,274 - malid.dataloader.base - INFO - M433-S121: KEPT - 28771 sequences (28771 clones)
2026-03-12 10:03:45,428 - malid.dataloader.base - INFO - M433-S010: KEPT - 29963 sequences (29963 clones)
2026-03-12 10:03:45,470 - malid.dataloader.base - INFO - M433-S071: KEPT - 22141 sequences (22141 clones)
2026-03-12 10:03:45,509 - malid.dataloader.base - INFO - M433-S085: KEPT - 19279 sequences (19279 clones)
2026-03-12 10:03:45,572 - malid.dataloader.base - INFO - M433-S122: KEPT - 40477 sequences (40477 clones)
2026-03-12 10:03:45,709 - malid.dataloader.base - INFO - M433-S012: KEPT - 26295 sequences (26295 clones)
2026-03-12 10:03:45,765 - malid.dataloader.base - INFO - M433-S048: KEPT - 33100 sequences (33100 clones)
2026-03-12 10:03:45,799 - malid.dataloader.base - INFO - M433-S087: KEPT - 17632 sequences (17632 clones)
2026-03-12 10:03:45,854 - malid.dataloader.base - INFO - M433-S124: KEPT - 33076 sequences (33076 clones)
2026-03-12 10:03:46,027 - malid.dataloader.base - INFO - M433-S013: KEPT - 33739 sequences (33739 clones)
2026-03-12 10:03:46,090 - malid.dataloader.base - INFO - M433-S049: KEPT - 39481 sequences (39481 clones)
2026-03-12 10:03:46,139 - malid.dataloader.base - INFO - M433-S088: KEPT - 29106 sequences (29106 clones)
2026-03-12 10:03:46,199 - malid.dataloader.base - INFO - M433-S125: KEPT - 35485 sequences (35485 clones)
2026-03-12 10:03:46,354 - malid.dataloader.base - INFO - M433-S016: KEPT - 33384 sequences (33384 clones)
2026-03-12 10:03:46,389 - malid.dataloader.base - INFO - M433-S052: KEPT - 22923 sequences (22923 clones)
2026-03-12 10:03:46,439 - malid.dataloader.base - INFO - M433-S091: KEPT - 30913 sequences (30913 clones)
2026-03-12 10:03:46,493 - malid.dataloader.base - INFO - M433-S128: KEPT - 32777 sequences (32777 clones)
2026-03-12 10:03:46,660 - malid.dataloader.base - INFO - M433-S017: KEPT - 37814 sequences (37814 clones)
2026-03-12 10:03:46,720 - malid.dataloader.base - INFO - M433-S053: KEPT - 40743 sequences (40743 clones)
2026-03-12 10:03:46,777 - malid.dataloader.base - INFO - M433-S092: KEPT - 36150 sequences (36150 clones)
2026-03-12 10:03:46,840 - malid.dataloader.base - INFO - M433-S129: KEPT - 40332 sequences (40332 clones)
2026-03-12 10:03:47,004 - malid.dataloader.base - INFO - M433-S018: KEPT - 29985 sequences (29985 clones)
2026-03-12 10:03:47,068 - malid.dataloader.base - INFO - M433-S054: KEPT - 38841 sequences (38841 clones)
2026-03-12 10:03:47,121 - malid.dataloader.base - INFO - M433-S093: KEPT - 31521 sequences (31521 clones)
2026-03-12 10:03:47,166 - malid.dataloader.base - INFO - M433-S130: KEPT - 24685 sequences (24685 clones)
2026-03-12 10:03:47,339 - malid.dataloader.base - INFO - M433-S019: KEPT - 38453 sequences (38453 clones)
2026-03-12 10:03:47,398 - malid.dataloader.base - INFO - M433-S055: KEPT - 39031 sequences (39031 clones)
2026-03-12 10:03:47,449 - malid.dataloader.base - INFO - M433-S094: KEPT - 30561 sequences (30561 clones)
2026-03-12 10:03:47,512 - malid.dataloader.base - INFO - M433-S131: KEPT - 40143 sequences (40143 clones)
2026-03-12 10:03:47,669 - malid.dataloader.base - INFO - M433-S020: KEPT - 33416 sequences (33416 clones)
2026-03-12 10:03:47,721 - malid.dataloader.base - INFO - M433-S072: KEPT - 30057 sequences (30057 clones)
2026-03-12 10:03:47,753 - malid.dataloader.base - INFO - M433-S095: KEPT - 12438 sequences (12438 clones)
2026-03-12 10:03:47,809 - malid.dataloader.base - INFO - M433-S132: KEPT - 35665 sequences (35665 clones)
2026-03-12 10:03:47,980 - malid.dataloader.base - INFO - M433-S021: KEPT - 40593 sequences (40593 clones)
2026-03-12 10:03:48,057 - malid.dataloader.base - INFO - M433-S073: KEPT - 24617 sequences (24617 clones)
2026-03-12 10:03:48,115 - malid.dataloader.base - INFO - M433-S096: KEPT - 37219 sequences (37219 clones)
2026-03-12 10:03:48,181 - malid.dataloader.base - INFO - M433-S133: KEPT - 42340 sequences (42340 clones)
2026-03-12 10:03:48,340 - malid.dataloader.base - INFO - M433-S022: KEPT - 35155 sequences (35155 clones)
2026-03-12 10:03:48,394 - malid.dataloader.base - INFO - M433-S056: KEPT - 36169 sequences (36169 clones)
2026-03-12 10:03:48,450 - malid.dataloader.base - INFO - M433-S097: KEPT - 36769 sequences (36769 clones)
2026-03-12 10:03:48,498 - malid.dataloader.base - INFO - M433-S134: KEPT - 29292 sequences (29292 clones)
2026-03-12 10:03:48,671 - malid.dataloader.base - INFO - M433-S023: KEPT - 42019 sequences (42019 clones)
2026-03-12 10:03:48,732 - malid.dataloader.base - INFO - M433-S057: KEPT - 40731 sequences (40731 clones)
2026-03-12 10:03:48,795 - malid.dataloader.base - INFO - M433-S098: KEPT - 41539 sequences (41539 clones)
2026-03-12 10:03:48,836 - malid.dataloader.base - INFO - M433-S135: KEPT - 26573 sequences (26573 clones)
2026-03-12 10:03:49,007 - malid.dataloader.base - INFO - M433-S027: KEPT - 36801 sequences (36801 clones)
2026-03-12 10:03:49,060 - malid.dataloader.base - INFO - M433-S060: KEPT - 34868 sequences (34868 clones)
2026-03-12 10:03:49,121 - malid.dataloader.base - INFO - M433-S102: KEPT - 39847 sequences (39847 clones)
2026-03-12 10:03:49,176 - malid.dataloader.base - INFO - M433-S139: KEPT - 36599 sequences (36599 clones)
2026-03-12 10:03:49,340 - malid.dataloader.base - INFO - M433-S028: KEPT - 36655 sequences (36655 clones)
2026-03-12 10:03:49,399 - malid.dataloader.base - INFO - M433-S061: KEPT - 39657 sequences (39657 clones)
2026-03-12 10:03:49,454 - malid.dataloader.base - INFO - M433-S103: KEPT - 36081 sequences (36081 clones)
2026-03-12 10:03:49,500 - malid.dataloader.base - INFO - M433-S140: KEPT - 30322 sequences (30322 clones)
2026-03-12 10:03:49,645 - malid.dataloader.base - INFO - M433-S029: KEPT - 38034 sequences (38034 clones)
2026-03-12 10:03:49,697 - malid.dataloader.base - INFO - M433-S062: KEPT - 34904 sequences (34904 clones)
2026-03-12 10:03:49,756 - malid.dataloader.base - INFO - M433-S104: KEPT - 38376 sequences (38376 clones)
2026-03-12 10:03:49,922 - malid.dataloader.base - INFO - M433-S030: KEPT - 38075 sequences (38075 clones)
2026-03-12 10:03:49,977 - malid.dataloader.base - INFO - M433-S063: KEPT - 37157 sequences (37157 clones)
2026-03-12 10:03:50,040 - malid.dataloader.base - INFO - M433-S105: KEPT - 36595 sequences (36595 clones)
2026-03-12 10:03:50,099 - malid.dataloader.base - INFO - M433-S141: KEPT - 37311 sequences (37311 clones)
2026-03-12 10:03:50,267 - malid.dataloader.base - INFO - M433-S032: KEPT - 36802 sequences (36802 clones)
2026-03-12 10:03:50,326 - malid.dataloader.base - INFO - M433-S065: KEPT - 37701 sequences (37701 clones)
2026-03-12 10:03:50,388 - malid.dataloader.base - INFO - M433-S107: KEPT - 37469 sequences (37469 clones)
2026-03-12 10:03:50,433 - malid.dataloader.base - INFO - M433-S143: KEPT - 26732 sequences (26732 clones)
2026-03-12 10:03:50,615 - malid.dataloader.base - INFO - M433-S033: KEPT - 36884 sequences (36884 clones)
2026-03-12 10:03:50,680 - malid.dataloader.base - INFO - M433-S066: KEPT - 41916 sequences (41916 clones)
2026-03-12 10:03:50,743 - malid.dataloader.base - INFO - M433-S108: KEPT - 41192 sequences (41192 clones)
2026-03-12 10:03:50,802 - malid.dataloader.base - INFO - M433-S144: KEPT - 37610 sequences (37610 clones)
2026-03-12 10:03:50,945 - malid.dataloader.base - INFO - M433-S037: KEPT - 27072 sequences (27072 clones)
2026-03-12 10:03:50,997 - malid.dataloader.base - INFO - M433-S070: KEPT - 27211 sequences (27211 clones)
2026-03-12 10:03:51,038 - malid.dataloader.base - INFO - M433-S112: KEPT - 22553 sequences (22553 clones)
2026-03-12 10:03:51,075 - malid.dataloader.base - INFO - M433-S148: KEPT - 18572 sequences (18572 clones)
2026-03-12 10:03:51,144 - malid.dataloader.base - INFO - M491-S002: KEPT - 21327 sequences (21327 clones)
2026-03-12 10:03:51,211 - malid.dataloader.base - INFO - M491-S006: KEPT - 35541 sequences (35541 clones)
2026-03-12 10:03:51,278 - malid.dataloader.base - INFO - M491-S007: KEPT - 35015 sequences (35015 clones)
2026-03-12 10:03:51,336 - malid.dataloader.base - INFO - M491-S009: KEPT - 28795 sequences (28795 clones)
2026-03-12 10:03:51,397 - malid.dataloader.base - INFO - M491-S013: KEPT - 33433 sequences (33433 clones)
2026-03-12 10:03:51,453 - malid.dataloader.base - INFO - M491-S015: KEPT - 28434 sequences (28434 clones)
2026-03-12 10:03:51,525 - malid.dataloader.base - INFO - M491-S018: KEPT - 36024 sequences (36024 clones)
2026-03-12 10:03:51,581 - malid.dataloader.base - INFO - M491-S019: KEPT - 26116 sequences (26116 clones)
2026-03-12 10:03:51,648 - malid.dataloader.base - INFO - M491-S020: KEPT - 23768 sequences (23768 clones)
2026-03-12 10:03:51,656 - malid.dataloader.base - INFO - M491-S166: KEPT - 1666 sequences (1666 clones)
2026-03-12 10:03:51,732 - malid.dataloader.base - INFO - M491-S023: KEPT - 32158 sequences (32158 clones)
2026-03-12 10:03:51,794 - malid.dataloader.base - INFO - M491-S026: KEPT - 31304 sequences (31304 clones)
2026-03-12 10:03:51,840 - malid.dataloader.base - INFO - M491-S028: KEPT - 19845 sequences (19845 clones)
2026-03-12 10:03:51,898 - malid.dataloader.base - INFO - M491-S029: KEPT - 28246 sequences (28246 clones)
2026-03-12 10:03:51,959 - malid.dataloader.base - INFO - M491-S032: KEPT - 31339 sequences (31339 clones)
2026-03-12 10:03:52,011 - malid.dataloader.base - INFO - M491-S036: KEPT - 19574 sequences (19574 clones)
2026-03-12 10:03:52,077 - malid.dataloader.base - INFO - M491-S039: KEPT - 30219 sequences (30219 clones)
2026-03-12 10:03:52,132 - malid.dataloader.base - INFO - M491-S040: KEPT - 24628 sequences (24628 clones)
2026-03-12 10:03:52,188 - malid.dataloader.base - INFO - M491-S041: KEPT - 26813 sequences (26813 clones)
2026-03-12 10:03:52,241 - malid.dataloader.base - INFO - M491-S043: KEPT - 22797 sequences (22797 clones)
2026-03-12 10:03:52,302 - malid.dataloader.base - INFO - M491-S045: KEPT - 27308 sequences (27308 clones)
2026-03-12 10:03:52,376 - malid.dataloader.base - INFO - M491-S046: KEPT - 33808 sequences (33808 clones)
2026-03-12 10:03:52,455 - malid.dataloader.base - INFO - M491-S047: KEPT - 35210 sequences (35210 clones)
2026-03-12 10:03:52,501 - malid.dataloader.base - INFO - M491-S050: KEPT - 16895 sequences (16895 clones)
2026-03-12 10:03:52,559 - malid.dataloader.base - INFO - M491-S051: KEPT - 25570 sequences (25570 clones)
2026-03-12 10:03:52,624 - malid.dataloader.base - INFO - M491-S052: KEPT - 25977 sequences (25977 clones)
2026-03-12 10:03:52,693 - malid.dataloader.base - INFO - M491-S053: KEPT - 27830 sequences (27830 clones)
2026-03-12 10:03:52,748 - malid.dataloader.base - INFO - M491-S054: KEPT - 19611 sequences (19611 clones)
2026-03-12 10:03:52,825 - malid.dataloader.base - INFO - M491-S066: KEPT - 34041 sequences (34041 clones)
2026-03-12 10:03:52,886 - malid.dataloader.base - INFO - M491-S072: KEPT - 29644 sequences (29644 clones)
2026-03-12 10:03:52,949 - malid.dataloader.base - INFO - M491-S074: KEPT - 27818 sequences (27818 clones)
2026-03-12 10:03:53,000 - malid.dataloader.base - INFO - M491-S075: KEPT - 22039 sequences (22039 clones)
2026-03-12 10:03:53,073 - malid.dataloader.base - INFO - M491-S078: KEPT - 33442 sequences (33442 clones)
2026-03-12 10:03:53,137 - malid.dataloader.base - INFO - M491-S079: KEPT - 29250 sequences (29250 clones)
2026-03-12 10:03:53,195 - malid.dataloader.base - INFO - M491-S080: KEPT - 23579 sequences (23579 clones)
2026-03-12 10:03:53,289 - malid.dataloader.base - INFO - M491-S085: KEPT - 20954 sequences (20954 clones)
2026-03-12 10:03:53,335 - malid.dataloader.base - INFO - M491-S101: KEPT - 22837 sequences (22837 clones)
2026-03-12 10:03:53,424 - malid.dataloader.base - INFO - M491-S089: KEPT - 27644 sequences (27644 clones)
2026-03-12 10:03:53,475 - malid.dataloader.base - INFO - M491-S090: KEPT - 24182 sequences (24182 clones)
2026-03-12 10:03:53,574 - malid.dataloader.base - INFO - M491-S091: KEPT - 30095 sequences (30095 clones)
2026-03-12 10:03:53,629 - malid.dataloader.base - INFO - M491-S093: KEPT - 22902 sequences (22902 clones)
2026-03-12 10:03:53,683 - malid.dataloader.base - INFO - M491-S096: KEPT - 24187 sequences (24187 clones)
2026-03-12 10:03:53,735 - malid.dataloader.base - INFO - M491-S097: KEPT - 21412 sequences (21412 clones)
2026-03-12 10:03:53,796 - malid.dataloader.base - INFO - M491-S099: KEPT - 28220 sequences (28220 clones)
2026-03-12 10:03:53,851 - malid.dataloader.base - INFO - M491-S100: KEPT - 22731 sequences (22731 clones)
2026-03-12 10:03:53,917 - malid.dataloader.base - INFO - M491-S105: KEPT - 29378 sequences (29378 clones)
2026-03-12 10:03:53,997 - malid.dataloader.base - INFO - M491-S112: KEPT - 33865 sequences (33865 clones)
2026-03-12 10:03:54,070 - malid.dataloader.base - INFO - M491-S116: KEPT - 32670 sequences (32670 clones)
2026-03-12 10:03:54,127 - malid.dataloader.base - INFO - M491-S118: KEPT - 24770 sequences (24770 clones)
2026-03-12 10:03:54,186 - malid.dataloader.base - INFO - M491-S120: KEPT - 24113 sequences (24113 clones)
2026-03-12 10:03:54,260 - malid.dataloader.base - INFO - M491-S121: KEPT - 32321 sequences (32321 clones)
2026-03-12 10:03:54,378 - malid.dataloader.base - INFO - M491-S123: KEPT - 31642 sequences (31642 clones)
2026-03-12 10:03:54,403 - malid.dataloader.base - INFO - M491-S156: KEPT - 5335 sequences (5335 clones)
2026-03-12 10:03:54,486 - malid.dataloader.base - INFO - M491-S125: KEPT - 23987 sequences (23987 clones)
2026-03-12 10:03:54,550 - malid.dataloader.base - INFO - M491-S129: KEPT - 30164 sequences (30164 clones)
2026-03-12 10:03:54,612 - malid.dataloader.base - INFO - M491-S131: KEPT - 29607 sequences (29607 clones)
2026-03-12 10:03:54,681 - malid.dataloader.base - INFO - M491-S133: KEPT - 28884 sequences (28884 clones)
2026-03-12 10:03:54,733 - malid.dataloader.base - INFO - M491-S134: KEPT - 19791 sequences (19791 clones)
2026-03-12 10:03:54,793 - malid.dataloader.base - INFO - M491-S138: KEPT - 24471 sequences (24471 clones)
2026-03-12 10:03:54,856 - malid.dataloader.base - INFO - M491-S141: KEPT - 27675 sequences (27675 clones)
2026-03-12 10:03:54,914 - malid.dataloader.base - INFO - M491-S145: KEPT - 24653 sequences (24653 clones)
2026-03-12 10:03:54,974 - malid.dataloader.base - INFO - M491-S147: KEPT - 23993 sequences (23993 clones)
2026-03-12 10:03:55,021 - malid.dataloader.base - INFO - M491-S150: KEPT - 19573 sequences (19573 clones)
2026-03-12 10:03:55,050 - malid.dataloader.base - INFO - M491-S167: KEPT - 5030 sequences (5030 clones)
2026-03-12 10:04:00,686 - __main__ - INFO -   Loaded: 366 specimens, 16,290,730 sequences
2026-03-12 10:04:00,687 - __main__ - INFO - Filtering rare V genes...
2026-03-12 10:04:00,873 - __main__ - INFO - V gene filtering: keeping 28/56 V genes (removed 28 with freq < 0.0097)
2026-03-12 10:04:00,873 - __main__ - INFO -   Removed: ['TRBV5-8', 'TRBV4-1', 'TRBV27', 'TRBV15', 'TRBV12-5', 'TRBV3-1', 'TRBV4-3', 'TRBV7-7', 'TRBV4-2', 'TRBV11-1']...
2026-03-12 10:04:32,822 - __main__ - INFO -   After filtering: 15,359,223 sequences (94.3%)
2026-03-12 10:04:32,828 - __main__ - INFO - Extracting training features...
2026-03-12 10:04:32,830 - malid.models.model1_repertoire - INFO - Extracting features from 15359223 sequences
2026-03-12 10:04:37,147 - malid.models.model1_repertoire - INFO - Extracted features: 366 specimens × 364 features
2026-03-12 10:04:37,490 - __main__ - INFO -   Features: 366 specimens × 364 features
2026-03-12 10:04:37,490 - __main__ - INFO -   Classes: 6 (['Healthy/Background', 'HIV', 'Lupus', 'Covid19', 'Influenza', 'T1D'])
2026-03-12 10:04:37,490 - __main__ - INFO - Training lasso_cv...
2026-03-12 10:04:37,490 - malid.models.model1_repertoire - INFO - Training RepertoireClassifier
2026-03-12 10:04:37,490 - malid.models.model1_repertoire - INFO -   Training samples: 366
2026-03-12 10:04:37,490 - malid.models.model1_repertoire - INFO -   Features: 364
2026-03-12 10:04:37,491 - malid.models.model1_repertoire - INFO -   Classes: ['Healthy/Background', 'HIV', 'Lupus', 'Covid19', 'Influenza', 'T1D']
2026-03-12 10:04:38,305 - malid.models.model1_repertoire - INFO - Model fitted successfully
2026-03-12 10:04:38,305 - malid.models.model1_repertoire - INFO -   Classes: ['Covid19' 'HIV' 'Healthy/Background' 'Influenza' 'Lupus' 'T1D']
2026-03-12 10:04:38,305 - __main__ - INFO -   Training completed in 5 seconds
2026-03-12 10:04:38,305 - __main__ - INFO - Loading test data (fold 0)...
2026-03-12 10:04:38,306 - malid.dataloader.base - INFO - Loading fold 0 test: 184 specimens
2026-03-12 10:04:38,437 - malid.dataloader.base - INFO - M124-S042: KEPT - 55445 sequences (55445 clones)
2026-03-12 10:04:38,554 - malid.dataloader.base - INFO - M124-S036: KEPT - 61970 sequences (61970 clones)
2026-03-12 10:04:38,650 - malid.dataloader.base - INFO - M124-S040: KEPT - 49360 sequences (49360 clones)
2026-03-12 10:04:38,862 - malid.dataloader.base - INFO - M64-002: KEPT - 96064 sequences (96064 clones)
2026-03-12 10:04:38,898 - malid.dataloader.base - INFO - M64-003: KEPT - 1791 sequences (1791 clones)
2026-03-12 10:04:39,005 - malid.dataloader.base - INFO - M64-010: KEPT - 26932 sequences (26932 clones)
2026-03-12 10:04:39,190 - malid.dataloader.base - INFO - M64-014: KEPT - 77326 sequences (77326 clones)
2026-03-12 10:04:39,469 - malid.dataloader.base - INFO - M64-017: KEPT - 122840 sequences (122840 clones)
2026-03-12 10:04:39,638 - malid.dataloader.base - INFO - M64-026: KEPT - 81556 sequences (81556 clones)
2026-03-12 10:04:39,823 - malid.dataloader.base - INFO - M64-029: KEPT - 91371 sequences (91371 clones)
2026-03-12 10:04:40,308 - malid.dataloader.base - INFO - M64-032: KEPT - 159988 sequences (159988 clones)
2026-03-12 10:04:40,435 - malid.dataloader.base - INFO - M64-035: KEPT - 43029 sequences (41767 clones)
2026-03-12 10:04:40,516 - malid.dataloader.base - INFO - M64-040: KEPT - 21679 sequences (21679 clones)
2026-03-12 10:04:40,584 - malid.dataloader.base - INFO - M64-041: KEPT - 12848 sequences (12848 clones)
2026-03-12 10:04:40,743 - malid.dataloader.base - INFO - M64-043: KEPT - 61141 sequences (61106 clones)
2026-03-12 10:04:40,924 - malid.dataloader.base - INFO - M64-044: KEPT - 72620 sequences (70952 clones)
2026-03-12 10:04:41,029 - malid.dataloader.base - INFO - M64-047: KEPT - 35543 sequences (35543 clones)
2026-03-12 10:04:41,167 - malid.dataloader.base - INFO - M64-053: KEPT - 58057 sequences (58057 clones)
2026-03-12 10:04:41,354 - malid.dataloader.base - INFO - M64-054: KEPT - 71408 sequences (69735 clones)
2026-03-12 10:04:41,547 - malid.dataloader.base - INFO - M64-057: KEPT - 34527 sequences (33938 clones)
2026-03-12 10:04:41,660 - malid.dataloader.base - INFO - M64-058: KEPT - 37420 sequences (37420 clones)
2026-03-12 10:04:41,798 - malid.dataloader.base - INFO - M64-062: KEPT - 55267 sequences (55267 clones)
2026-03-12 10:04:41,909 - malid.dataloader.base - INFO - M64-065: KEPT - 33879 sequences (32969 clones)
2026-03-12 10:04:42,268 - malid.dataloader.base - INFO - M64-068: KEPT - 118676 sequences (112619 clones)
2026-03-12 10:04:42,355 - malid.dataloader.base - INFO - M64-077: KEPT - 24941 sequences (24941 clones)
2026-03-12 10:04:42,513 - malid.dataloader.base - INFO - M64-078: KEPT - 56199 sequences (56199 clones)
2026-03-12 10:04:42,812 - malid.dataloader.base - INFO - M64-081: KEPT - 92240 sequences (86015 clones)
2026-03-12 10:04:43,124 - malid.dataloader.base - INFO - M64-084: KEPT - 128298 sequences (120200 clones)
2026-03-12 10:04:43,266 - malid.dataloader.base - INFO - M64-085: KEPT - 59516 sequences (59516 clones)
2026-03-12 10:04:43,478 - malid.dataloader.base - INFO - M64-086: KEPT - 103885 sequences (103885 clones)
2026-03-12 10:04:43,713 - malid.dataloader.base - INFO - M64-089: KEPT - 106136 sequences (106136 clones)
2026-03-12 10:04:43,943 - malid.dataloader.base - INFO - M64-090: KEPT - 102170 sequences (102170 clones)
2026-03-12 10:04:44,094 - malid.dataloader.base - INFO - M64-101: KEPT - 59973 sequences (59973 clones)
2026-03-12 10:04:44,359 - malid.dataloader.base - INFO - M64-103: KEPT - 106970 sequences (106970 clones)
2026-03-12 10:04:44,542 - malid.dataloader.base - INFO - M64-107: KEPT - 82304 sequences (82304 clones)
2026-03-12 10:04:44,715 - malid.dataloader.base - INFO - M64-109: KEPT - 71694 sequences (71694 clones)
2026-03-12 10:04:44,824 - malid.dataloader.base - INFO - M64-111: KEPT - 32617 sequences (32617 clones)
2026-03-12 10:04:44,948 - malid.dataloader.base - INFO - M64-112: KEPT - 40710 sequences (40710 clones)
2026-03-12 10:04:45,169 - malid.dataloader.base - INFO - M64-114: KEPT - 102711 sequences (102711 clones)
2026-03-12 10:04:45,248 - malid.dataloader.base - INFO - M124-S002: KEPT - 29028 sequences (29028 clones)
2026-03-12 10:04:45,345 - malid.dataloader.base - INFO - M124-S005: KEPT - 45367 sequences (45367 clones)
2026-03-12 10:04:45,469 - malid.dataloader.base - INFO - M124-S006: KEPT - 60924 sequences (60924 clones)
2026-03-12 10:04:45,560 - malid.dataloader.base - INFO - M124-S009: KEPT - 45989 sequences (45989 clones)
2026-03-12 10:04:45,783 - malid.dataloader.base - INFO - M124-S013: KEPT - 104112 sequences (104112 clones)
2026-03-12 10:04:45,957 - malid.dataloader.base - INFO - M124-S018: KEPT - 81220 sequences (81220 clones)
2026-03-12 10:04:46,065 - malid.dataloader.base - INFO - M124-S027: KEPT - 54104 sequences (54104 clones)
2026-03-12 10:04:46,213 - malid.dataloader.base - INFO - M124-S030: KEPT - 65800 sequences (65800 clones)
2026-03-12 10:04:46,349 - malid.dataloader.base - INFO - M124-S031: KEPT - 66622 sequences (66622 clones)
2026-03-12 10:04:46,443 - malid.dataloader.base - INFO - M124-S032: KEPT - 42569 sequences (42569 clones)
2026-03-12 10:04:46,549 - malid.dataloader.base - INFO - M124-S033: KEPT - 44898 sequences (44898 clones)
2026-03-12 10:04:46,687 - malid.dataloader.base - INFO - M454-S028: KEPT - 51977 sequences (51977 clones)
2026-03-12 10:04:47,705 - malid.dataloader.base - INFO - M456-S005: KEPT - 233296 sequences (233296 clones)
2026-03-12 10:04:48,330 - malid.dataloader.base - INFO - M456-S007: KEPT - 144254 sequences (144254 clones)
2026-03-12 10:04:48,603 - malid.dataloader.base - INFO - M464-S002: KEPT - 125713 sequences (125713 clones)
2026-03-12 10:04:48,894 - malid.dataloader.base - INFO - M464-S006: KEPT - 128473 sequences (128473 clones)
2026-03-12 10:04:49,172 - malid.dataloader.base - INFO - M464-S007: KEPT - 105078 sequences (105078 clones)
2026-03-12 10:04:49,447 - malid.dataloader.base - INFO - M464-S010: KEPT - 123825 sequences (123825 clones)
2026-03-12 10:04:49,694 - malid.dataloader.base - INFO - M464-S014: KEPT - 94321 sequences (94321 clones)
2026-03-12 10:04:49,961 - malid.dataloader.base - INFO - M464-S018: KEPT - 95676 sequences (95676 clones)
2026-03-12 10:04:50,163 - malid.dataloader.base - INFO - M464-S027: KEPT - 81942 sequences (81942 clones)
2026-03-12 10:04:50,230 - malid.dataloader.base - INFO - M464-S033: KEPT - 13112 sequences (13112 clones)
2026-03-12 10:04:50,388 - malid.dataloader.base - INFO - M464-S034: KEPT - 64322 sequences (64322 clones)
2026-03-12 10:04:50,599 - malid.dataloader.base - INFO - M464-S040: KEPT - 81685 sequences (81685 clones)
2026-03-12 10:04:50,682 - malid.dataloader.base - INFO - M464-S041: KEPT - 11000 sequences (11000 clones)
2026-03-12 10:04:50,874 - malid.dataloader.base - INFO - M464-S042: KEPT - 74683 sequences (74683 clones)
2026-03-12 10:04:50,934 - malid.dataloader.base - INFO - M491-S062: KEPT - 27246 sequences (27246 clones)
2026-03-12 10:04:51,042 - malid.dataloader.base - INFO - M111-S037: KEPT - 48757 sequences (48757 clones)
2026-03-12 10:04:51,125 - malid.dataloader.base - INFO - M111-S016: KEPT - 32832 sequences (32832 clones)
2026-03-12 10:04:51,221 - malid.dataloader.base - INFO - M111-S043: KEPT - 46764 sequences (46764 clones)
2026-03-12 10:04:51,311 - malid.dataloader.base - INFO - M111-S035: KEPT - 42541 sequences (42541 clones)
2026-03-12 10:04:51,408 - malid.dataloader.base - INFO - M111-S025: KEPT - 47059 sequences (47059 clones)
2026-03-12 10:04:51,526 - malid.dataloader.base - INFO - M111-S011: KEPT - 49695 sequences (49695 clones)
2026-03-12 10:04:51,625 - malid.dataloader.base - INFO - M111-S036: KEPT - 43012 sequences (43012 clones)
2026-03-12 10:04:51,850 - malid.dataloader.base - INFO - M111-S009: KEPT - 94794 sequences (94794 clones)
2026-03-12 10:04:51,986 - malid.dataloader.base - INFO - M111-S030: KEPT - 66250 sequences (66250 clones)
2026-03-12 10:04:52,065 - malid.dataloader.base - INFO - M111-S031: KEPT - 31259 sequences (31259 clones)
2026-03-12 10:04:52,130 - malid.dataloader.base - INFO - M111-S020: KEPT - 19519 sequences (19519 clones)
2026-03-12 10:04:52,293 - malid.dataloader.base - INFO - M111-S003: KEPT - 66195 sequences (66195 clones)
2026-03-12 10:04:52,390 - malid.dataloader.base - INFO - M111-S023: KEPT - 44258 sequences (44258 clones)
2026-03-12 10:04:52,478 - malid.dataloader.base - INFO - M111-S007: KEPT - 28356 sequences (28356 clones)
2026-03-12 10:04:52,636 - malid.dataloader.base - INFO - M111-S021: KEPT - 63010 sequences (63010 clones)
2026-03-12 10:04:52,763 - malid.dataloader.base - INFO - M111-S054: KEPT - 47878 sequences (47878 clones)
2026-03-12 10:04:52,832 - malid.dataloader.base - INFO - M111-S048: KEPT - 28976 sequences (28976 clones)
2026-03-12 10:04:52,886 - malid.dataloader.base - INFO - M111-S028: KEPT - 15423 sequences (15423 clones)
2026-03-12 10:04:52,937 - malid.dataloader.base - INFO - M124-S044: KEPT - 19074 sequences (19074 clones)
2026-03-12 10:04:53,017 - malid.dataloader.base - INFO - M124-S048: KEPT - 40491 sequences (40491 clones)
2026-03-12 10:04:53,080 - malid.dataloader.base - INFO - M124-S054: KEPT - 24266 sequences (24266 clones)
2026-03-12 10:04:53,146 - malid.dataloader.base - INFO - M124-S058: KEPT - 5484 sequences (5484 clones)
2026-03-12 10:04:53,232 - malid.dataloader.base - INFO - M124-S060: KEPT - 35323 sequences (35323 clones)
2026-03-12 10:04:53,332 - malid.dataloader.base - INFO - M124-S065: KEPT - 47472 sequences (47472 clones)
2026-03-12 10:04:53,420 - malid.dataloader.base - INFO - M124-S066: KEPT - 38260 sequences (38260 clones)
2026-03-12 10:04:53,477 - malid.dataloader.base - INFO - M124-S067: KEPT - 19518 sequences (19518 clones)
2026-03-12 10:04:53,589 - malid.dataloader.base - INFO - M124-S068: KEPT - 45132 sequences (45132 clones)
2026-03-12 10:04:53,643 - malid.dataloader.base - INFO - M124-S072: KEPT - 15138 sequences (15138 clones)
2026-03-12 10:04:53,719 - malid.dataloader.base - INFO - M124-S073: KEPT - 28173 sequences (28173 clones)
2026-03-12 10:04:53,793 - malid.dataloader.base - INFO - M124-S080: KEPT - 29406 sequences (29406 clones)
2026-03-12 10:04:53,855 - malid.dataloader.base - INFO - M124-S083: KEPT - 24533 sequences (24533 clones)
2026-03-12 10:04:53,945 - malid.dataloader.base - INFO - M124-S055: KEPT - 16499 sequences (16499 clones)
2026-03-12 10:04:53,976 - malid.dataloader.base - INFO - M124-S086: KEPT - 11852 sequences (11852 clones)
2026-03-12 10:04:54,153 - malid.dataloader.base - INFO - M447-S031: KEPT - 55020 sequences (55020 clones)
2026-03-12 10:04:54,279 - malid.dataloader.base - INFO - M447-S034: KEPT - 49380 sequences (49380 clones)
2026-03-12 10:04:54,408 - malid.dataloader.base - INFO - M447-S035: KEPT - 48549 sequences (48549 clones)
2026-03-12 10:04:54,518 - malid.dataloader.base - INFO - M447-S038: KEPT - 42546 sequences (42546 clones)
2026-03-12 10:04:54,713 - malid.dataloader.base - INFO - M447-S002: KEPT - 79924 sequences (79924 clones)
2026-03-12 10:04:54,842 - malid.dataloader.base - INFO - M447-S003: KEPT - 51093 sequences (51093 clones)
2026-03-12 10:04:54,951 - malid.dataloader.base - INFO - M447-S004: KEPT - 42156 sequences (42156 clones)
2026-03-12 10:04:55,140 - malid.dataloader.base - INFO - M447-S008: KEPT - 81259 sequences (81259 clones)
2026-03-12 10:04:55,239 - malid.dataloader.base - INFO - M447-S009: KEPT - 27805 sequences (27805 clones)
2026-03-12 10:04:55,332 - malid.dataloader.base - INFO - M447-S011: KEPT - 31229 sequences (31229 clones)
2026-03-12 10:04:55,510 - malid.dataloader.base - INFO - M447-S013: KEPT - 61402 sequences (61402 clones)
2026-03-12 10:04:55,644 - malid.dataloader.base - INFO - M447-S016: KEPT - 58206 sequences (58206 clones)
2026-03-12 10:04:55,815 - malid.dataloader.base - INFO - M447-S021: KEPT - 67591 sequences (67591 clones)
2026-03-12 10:04:56,021 - malid.dataloader.base - INFO - M447-S023: KEPT - 83736 sequences (83736 clones)
2026-03-12 10:04:56,134 - malid.dataloader.base - INFO - M447-S025: KEPT - 48589 sequences (48589 clones)
2026-03-12 10:04:56,259 - malid.dataloader.base - INFO - M447-S026: KEPT - 49331 sequences (49331 clones)
2026-03-12 10:04:56,379 - malid.dataloader.base - INFO - M447-S029: KEPT - 41093 sequences (41093 clones)
2026-03-12 10:04:56,503 - malid.dataloader.base - INFO - M454-S015: KEPT - 43547 sequences (43547 clones)
2026-03-12 10:04:56,581 - malid.dataloader.base - INFO - M454-S018: KEPT - 19623 sequences (19623 clones)
2026-03-12 10:04:56,810 - malid.dataloader.base - INFO - M454-S049: KEPT - 49906 sequences (49906 clones)
2026-03-12 10:04:56,856 - malid.dataloader.base - INFO - M454-S050: KEPT - 4758 sequences (4758 clones)
2026-03-12 10:04:58,288 - malid.dataloader.base - INFO - M456-S008: KEPT - 375146 sequences (375146 clones)
2026-03-12 10:04:59,076 - malid.dataloader.base - INFO - M369-S001: KEPT - 97922 sequences (97922 clones)
2026-03-12 10:04:59,092 - malid.dataloader.base - INFO - M371-S003: KEPT - 1228 sequences (1228 clones)
2026-03-12 10:04:59,172 - malid.dataloader.base - INFO - M371-S012: KEPT - 15192 sequences (15192 clones)
2026-03-12 10:04:59,238 - malid.dataloader.base - INFO - M371-S013: KEPT - 13160 sequences (13160 clones)
2026-03-12 10:04:59,305 - malid.dataloader.base - INFO - M371-S014: KEPT - 12453 sequences (12453 clones)
2026-03-12 10:05:00,656 - malid.dataloader.base - INFO - M369-S004: KEPT - 29419 sequences (29419 clones)
2026-03-12 10:05:01,325 - malid.dataloader.base - INFO - M369-S005: KEPT - 171279 sequences (171279 clones)
2026-03-12 10:05:01,403 - malid.dataloader.base - INFO - M371-S004: KEPT - 13156 sequences (13156 clones)
2026-03-12 10:05:01,487 - malid.dataloader.base - INFO - M371-S017: KEPT - 20894 sequences (20894 clones)
2026-03-12 10:05:01,715 - malid.dataloader.base - INFO - M371-S001: KEPT - 4668 sequences (4668 clones)
2026-03-12 10:05:01,795 - malid.dataloader.base - INFO - M371-S015: KEPT - 6721 sequences (6721 clones)
2026-03-12 10:05:01,852 - malid.dataloader.base - INFO - M371-S016: KEPT - 10567 sequences (10567 clones)
2026-03-12 10:05:02,025 - malid.dataloader.base - INFO - M371-S021: KEPT - 12650 sequences (12650 clones)
2026-03-12 10:05:02,078 - malid.dataloader.base - INFO - M371-S022: KEPT - 10148 sequences (10148 clones)
2026-03-12 10:05:02,119 - malid.dataloader.base - INFO - M371-S023: KEPT - 6836 sequences (6836 clones)
2026-03-12 10:05:02,257 - malid.dataloader.base - INFO - M371-S028: KEPT - 8074 sequences (8074 clones)
2026-03-12 10:05:02,273 - malid.dataloader.base - INFO - M371-S029: KEPT - 1071 sequences (1071 clones)
2026-03-12 10:05:02,324 - malid.dataloader.base - INFO - M371-S030: KEPT - 10385 sequences (10385 clones)
2026-03-12 10:05:02,412 - malid.dataloader.base - INFO - M418-S229: KEPT - 12298 sequences (12298 clones)
2026-03-12 10:05:02,458 - malid.dataloader.base - INFO - M418-S094: KEPT - 13054 sequences (13054 clones)
2026-03-12 10:05:02,538 - malid.dataloader.base - INFO - M418-S101: KEPT - 13372 sequences (13372 clones)
2026-03-12 10:05:02,562 - malid.dataloader.base - INFO - M418-S102: KEPT - 5161 sequences (5161 clones)
2026-03-12 10:05:02,598 - malid.dataloader.base - INFO - M418-S103: KEPT - 13294 sequences (13294 clones)
2026-03-12 10:05:02,662 - malid.dataloader.base - INFO - M418-S104: KEPT - 2405 sequences (2405 clones)
2026-03-12 10:05:02,694 - malid.dataloader.base - INFO - M418-S105: KEPT - 10682 sequences (10682 clones)
2026-03-12 10:05:02,735 - malid.dataloader.base - INFO - M418-S106: KEPT - 18666 sequences (18666 clones)
2026-03-12 10:05:02,793 - malid.dataloader.base - INFO - M418-S113: KEPT - 4332 sequences (4332 clones)
2026-03-12 10:05:02,829 - malid.dataloader.base - INFO - M418-S114: KEPT - 14503 sequences (14503 clones)
2026-03-12 10:05:02,870 - malid.dataloader.base - INFO - M418-S118: KEPT - 3102 sequences (3102 clones)
2026-03-12 10:05:02,912 - malid.dataloader.base - INFO - M418-S174: KEPT - 11436 sequences (11436 clones)
2026-03-12 10:05:02,941 - malid.dataloader.base - INFO - M418-S182: KEPT - 5092 sequences (5092 clones)
2026-03-12 10:05:02,988 - malid.dataloader.base - INFO - M418-S010: KEPT - 13396 sequences (13396 clones)
2026-03-12 10:05:03,030 - malid.dataloader.base - INFO - M418-S012: KEPT - 2140 sequences (2140 clones)
2026-03-12 10:05:03,080 - malid.dataloader.base - INFO - M418-S013: KEPT - 23936 sequences (23936 clones)
2026-03-12 10:05:03,171 - malid.dataloader.base - INFO - M418-S022: KEPT - 23883 sequences (23883 clones)
2026-03-12 10:05:03,217 - malid.dataloader.base - INFO - M418-S023: KEPT - 22166 sequences (22166 clones)
2026-03-12 10:05:03,293 - malid.dataloader.base - INFO - M418-S025: KEPT - 25251 sequences (25251 clones)
2026-03-12 10:05:03,330 - malid.dataloader.base - INFO - M418-S027: KEPT - 9951 sequences (9951 clones)
2026-03-12 10:05:03,361 - malid.dataloader.base - INFO - M418-S046: KEPT - 6844 sequences (6844 clones)
2026-03-12 10:05:03,544 - malid.dataloader.base - INFO - M433-S004: KEPT - 40842 sequences (40842 clones)
2026-03-12 10:05:03,612 - malid.dataloader.base - INFO - M433-S041: KEPT - 39415 sequences (39415 clones)
2026-03-12 10:05:03,677 - malid.dataloader.base - INFO - M433-S079: KEPT - 36809 sequences (36809 clones)
2026-03-12 10:05:03,743 - malid.dataloader.base - INFO - M433-S116: KEPT - 38891 sequences (38891 clones)
2026-03-12 10:05:03,934 - malid.dataloader.base - INFO - M433-S006: KEPT - 34795 sequences (34795 clones)
2026-03-12 10:05:04,000 - malid.dataloader.base - INFO - M433-S043: KEPT - 33606 sequences (33606 clones)
2026-03-12 10:05:04,053 - malid.dataloader.base - INFO - M433-S081: KEPT - 24586 sequences (24586 clones)
2026-03-12 10:05:04,121 - malid.dataloader.base - INFO - M433-S118: KEPT - 37391 sequences (37391 clones)
2026-03-12 10:05:04,304 - malid.dataloader.base - INFO - M433-S011: KEPT - 35040 sequences (35040 clones)
2026-03-12 10:05:04,371 - malid.dataloader.base - INFO - M433-S047: KEPT - 36555 sequences (36555 clones)
2026-03-12 10:05:04,410 - malid.dataloader.base - INFO - M433-S086: KEPT - 15427 sequences (15427 clones)
2026-03-12 10:05:04,486 - malid.dataloader.base - INFO - M433-S123: KEPT - 36856 sequences (36856 clones)
2026-03-12 10:05:04,668 - malid.dataloader.base - INFO - M433-S014: KEPT - 31064 sequences (31064 clones)
2026-03-12 10:05:04,726 - malid.dataloader.base - INFO - M433-S050: KEPT - 32258 sequences (32258 clones)
2026-03-12 10:05:04,782 - malid.dataloader.base - INFO - M433-S089: KEPT - 30050 sequences (30050 clones)
2026-03-12 10:05:04,848 - malid.dataloader.base - INFO - M433-S126: KEPT - 38283 sequences (38283 clones)
2026-03-12 10:05:05,016 - malid.dataloader.base - INFO - M433-S015: KEPT - 26373 sequences (26373 clones)
2026-03-12 10:05:05,081 - malid.dataloader.base - INFO - M433-S051: KEPT - 38647 sequences (38647 clones)
2026-03-12 10:05:05,138 - malid.dataloader.base - INFO - M433-S090: KEPT - 33070 sequences (33070 clones)
2026-03-12 10:05:05,206 - malid.dataloader.base - INFO - M433-S127: KEPT - 39055 sequences (39055 clones)
2026-03-12 10:05:05,356 - malid.dataloader.base - INFO - M433-S024: KEPT - 26979 sequences (26979 clones)
2026-03-12 10:05:05,392 - malid.dataloader.base - INFO - M433-S074: KEPT - 13716 sequences (13716 clones)
2026-03-12 10:05:05,454 - malid.dataloader.base - INFO - M433-S099: KEPT - 31146 sequences (31146 clones)
2026-03-12 10:05:05,490 - malid.dataloader.base - INFO - M433-S136: KEPT - 20250 sequences (20250 clones)
2026-03-12 10:05:05,627 - malid.dataloader.base - INFO - M433-S025: KEPT - 9661 sequences (9661 clones)
2026-03-12 10:05:05,690 - malid.dataloader.base - INFO - M433-S058: KEPT - 36608 sequences (36608 clones)
2026-03-12 10:05:05,759 - malid.dataloader.base - INFO - M433-S100: KEPT - 39678 sequences (39678 clones)
2026-03-12 10:05:05,825 - malid.dataloader.base - INFO - M433-S137: KEPT - 37720 sequences (37720 clones)
2026-03-12 10:05:06,032 - malid.dataloader.base - INFO - M433-S026: KEPT - 33292 sequences (33292 clones)
2026-03-12 10:05:06,102 - malid.dataloader.base - INFO - M433-S059: KEPT - 42624 sequences (42624 clones)
2026-03-12 10:05:06,162 - malid.dataloader.base - INFO - M433-S101: KEPT - 35114 sequences (35114 clones)
2026-03-12 10:05:06,226 - malid.dataloader.base - INFO - M433-S138: KEPT - 37367 sequences (37367 clones)
2026-03-12 10:05:06,406 - malid.dataloader.base - INFO - M433-S031: KEPT - 38934 sequences (38934 clones)
2026-03-12 10:05:06,476 - malid.dataloader.base - INFO - M433-S064: KEPT - 38621 sequences (38621 clones)
2026-03-12 10:05:06,532 - malid.dataloader.base - INFO - M433-S106: KEPT - 27890 sequences (27890 clones)
2026-03-12 10:05:06,565 - malid.dataloader.base - INFO - M433-S142: KEPT - 14916 sequences (14916 clones)
2026-03-12 10:05:06,709 - malid.dataloader.base - INFO - M433-S034: KEPT - 21906 sequences (21906 clones)
2026-03-12 10:05:06,744 - malid.dataloader.base - INFO - M433-S067: KEPT - 16846 sequences (16846 clones)
2026-03-12 10:05:06,785 - malid.dataloader.base - INFO - M433-S109: KEPT - 21711 sequences (21711 clones)
2026-03-12 10:05:06,840 - malid.dataloader.base - INFO - M433-S145: KEPT - 29685 sequences (29685 clones)
2026-03-12 10:05:07,000 - malid.dataloader.base - INFO - M433-S035: KEPT - 29971 sequences (29971 clones)
2026-03-12 10:05:07,055 - malid.dataloader.base - INFO - M433-S068: KEPT - 30804 sequences (30804 clones)
2026-03-12 10:05:07,114 - malid.dataloader.base - INFO - M433-S110: KEPT - 33201 sequences (33201 clones)
2026-03-12 10:05:07,178 - malid.dataloader.base - INFO - M433-S146: KEPT - 34619 sequences (34619 clones)
2026-03-12 10:05:07,321 - malid.dataloader.base - INFO - M433-S036: KEPT - 21991 sequences (21991 clones)
2026-03-12 10:05:07,373 - malid.dataloader.base - INFO - M433-S069: KEPT - 29471 sequences (29471 clones)
2026-03-12 10:05:07,412 - malid.dataloader.base - INFO - M433-S111: KEPT - 21316 sequences (21316 clones)
2026-03-12 10:05:07,480 - malid.dataloader.base - INFO - M433-S147: KEPT - 32389 sequences (32389 clones)
2026-03-12 10:05:07,571 - malid.dataloader.base - INFO - M491-S016: KEPT - 29268 sequences (29268 clones)
2026-03-12 10:05:07,633 - malid.dataloader.base - INFO - M491-S017: KEPT - 25215 sequences (25215 clones)
2026-03-12 10:05:07,709 - malid.dataloader.base - INFO - M491-S037: KEPT - 36060 sequences (36060 clones)
2026-03-12 10:05:07,769 - malid.dataloader.base - INFO - M491-S048: KEPT - 24658 sequences (24658 clones)
2026-03-12 10:05:07,876 - malid.dataloader.base - INFO - M491-S049: KEPT - 37744 sequences (37744 clones)
2026-03-12 10:05:07,920 - malid.dataloader.base - INFO - M491-S127: KEPT - 18471 sequences (18471 clones)
2026-03-12 10:05:08,017 - malid.dataloader.base - INFO - M491-S057: KEPT - 26777 sequences (26777 clones)
2026-03-12 10:05:08,085 - malid.dataloader.base - INFO - M491-S064: KEPT - 30501 sequences (30501 clones)
2026-03-12 10:05:08,152 - malid.dataloader.base - INFO - M491-S065: KEPT - 28388 sequences (28388 clones)
2026-03-12 10:05:08,213 - malid.dataloader.base - INFO - M491-S067: KEPT - 23244 sequences (23244 clones)
2026-03-12 10:05:08,273 - malid.dataloader.base - INFO - M491-S068: KEPT - 23774 sequences (23774 clones)
2026-03-12 10:05:08,328 - malid.dataloader.base - INFO - M491-S070: KEPT - 21963 sequences (21963 clones)
2026-03-12 10:05:08,394 - malid.dataloader.base - INFO - M491-S071: KEPT - 28554 sequences (28554 clones)
2026-03-12 10:05:08,460 - malid.dataloader.base - INFO - M491-S077: KEPT - 25119 sequences (25119 clones)
2026-03-12 10:05:08,522 - malid.dataloader.base - INFO - M491-S083: KEPT - 24216 sequences (24216 clones)
2026-03-12 10:05:08,583 - malid.dataloader.base - INFO - M491-S086: KEPT - 23629 sequences (23629 clones)
2026-03-12 10:05:08,653 - malid.dataloader.base - INFO - M491-S087: KEPT - 29050 sequences (29050 clones)
2026-03-12 10:05:08,718 - malid.dataloader.base - INFO - M491-S098: KEPT - 25907 sequences (25907 clones)
2026-03-12 10:05:08,788 - malid.dataloader.base - INFO - M491-S102: KEPT - 29015 sequences (29015 clones)
2026-03-12 10:05:08,851 - malid.dataloader.base - INFO - M491-S106: KEPT - 24593 sequences (24593 clones)
2026-03-12 10:05:08,900 - malid.dataloader.base - INFO - M491-S107: KEPT - 16732 sequences (16732 clones)
2026-03-12 10:05:08,974 - malid.dataloader.base - INFO - M491-S109: KEPT - 36661 sequences (36661 clones)
2026-03-12 10:05:09,028 - malid.dataloader.base - INFO - M491-S111: KEPT - 23508 sequences (23508 clones)
2026-03-12 10:05:09,093 - malid.dataloader.base - INFO - M491-S117: KEPT - 28003 sequences (28003 clones)
2026-03-12 10:05:09,171 - malid.dataloader.base - INFO - M491-S124: KEPT - 33970 sequences (33970 clones)
2026-03-12 10:05:09,225 - malid.dataloader.base - INFO - M491-S126: KEPT - 22758 sequences (22758 clones)
2026-03-12 10:05:09,292 - malid.dataloader.base - INFO - M491-S136: KEPT - 28453 sequences (28453 clones)
2026-03-12 10:05:09,335 - malid.dataloader.base - INFO - M491-S146: KEPT - 14444 sequences (14444 clones)
2026-03-12 10:05:09,383 - malid.dataloader.base - INFO - M491-S148: KEPT - 17122 sequences (17122 clones)
2026-03-12 10:05:09,439 - malid.dataloader.base - INFO - M491-S149: KEPT - 24660 sequences (24660 clones)
2026-03-12 10:05:09,485 - malid.dataloader.base - INFO - M491-S153: KEPT - 12920 sequences (12920 clones)
2026-03-12 10:05:09,518 - malid.dataloader.base - INFO - M491-S160: KEPT - 6755 sequences (6755 clones)
2026-03-12 10:05:14,012 - __main__ - INFO -   Loaded: 184 specimens, 8,858,230 sequences
2026-03-12 10:05:33,253 - __main__ - INFO -   After V gene alignment: 8,352,681 sequences (94.3%)
2026-03-12 10:05:33,254 - __main__ - INFO - Extracting test features...
2026-03-12 10:05:33,254 - malid.models.model1_repertoire - INFO - Extracting features from 8352681 sequences
2026-03-12 10:05:35,577 - malid.models.model1_repertoire - INFO - Extracted features: 184 specimens × 364 features
2026-03-12 10:05:35,831 - __main__ - INFO -   Test features: 184 specimens × 364 features
2026-03-12 10:05:35,831 - __main__ - INFO - Evaluating on test set...
2026-03-12 10:05:35,850 - __main__ - INFO - 
  Results:
2026-03-12 10:05:35,850 - __main__ - INFO -     Accuracy: 0.674
2026-03-12 10:05:35,850 - __main__ - INFO -     AUROC (OvO, weighted): 0.935
2026-03-12 10:05:35,850 - __main__ - INFO -     AUPRC (OvO, weighted): 0.781
2026-03-12 10:05:35,850 - __main__ - INFO -     Log loss: 0.772
2026-03-12 10:05:35,850 - __main__ - INFO -   Per-class AUROC (OvR):
2026-03-12 10:05:35,850 - __main__ - INFO -     Covid19: 0.942
2026-03-12 10:05:35,850 - __main__ - INFO -     HIV: 0.966
2026-03-12 10:05:35,850 - __main__ - INFO -     Healthy/Background: 0.921
2026-03-12 10:05:35,850 - __main__ - INFO -     Influenza: 0.950
2026-03-12 10:05:35,850 - __main__ - INFO -     Lupus: 0.922
2026-03-12 10:05:35,850 - __main__ - INFO -     T1D: 0.926
2026-03-12 10:05:35,850 - malid.models.base - INFO - Saving model to models/model1/lasso_cv.fold0.pkl
2026-03-12 10:05:35,853 - malid.models.base - INFO - Model saved successfully
2026-03-12 10:05:35,853 - __main__ - INFO -   Model saved: models/model1/lasso_cv.fold0.pkl
2026-03-12 10:05:35,857 - __main__ - INFO -   Predictions saved: models/model1/lasso_cv.fold0.predictions.csv
2026-03-12 10:05:35,858 - __main__ - INFO -   V genes saved: models/model1/lasso_cv.fold0.v_genes.json
2026-03-12 10:05:43,757 - __main__ - INFO - 
============================================================
2026-03-12 10:05:43,759 - __main__ - INFO - FOLD 1
2026-03-12 10:05:43,759 - __main__ - INFO - ============================================================

2026-03-12 10:05:43,759 - __main__ - INFO - Loading training data (fold 1)...
2026-03-12 10:05:43,760 - malid.dataloader.base - INFO - Loading fold 1 train: 364 specimens
2026-03-12 10:05:44,149 - malid.dataloader.base - INFO - M124-S042: KEPT - 55445 sequences (55445 clones)
2026-03-12 10:05:44,373 - malid.dataloader.base - INFO - M124-S041: KEPT - 57873 sequences (57873 clones)
2026-03-12 10:05:44,442 - malid.dataloader.base - INFO - M124-S037: KEPT - 17380 sequences (17380 clones)
2026-03-12 10:05:44,683 - malid.dataloader.base - INFO - M124-S036: KEPT - 61970 sequences (61970 clones)
2026-03-12 10:05:44,858 - malid.dataloader.base - INFO - M124-S038: KEPT - 38441 sequences (38441 clones)
2026-03-12 10:05:45,107 - malid.dataloader.base - INFO - M124-S040: KEPT - 49360 sequences (49360 clones)
2026-03-12 10:05:45,675 - malid.dataloader.base - INFO - M64-002: KEPT - 96064 sequences (96064 clones)
2026-03-12 10:05:45,707 - malid.dataloader.base - INFO - M64-003: KEPT - 1791 sequences (1791 clones)
2026-03-12 10:05:45,832 - malid.dataloader.base - INFO - M64-004: KEPT - 33598 sequences (33598 clones)
2026-03-12 10:05:45,951 - malid.dataloader.base - INFO - M64-005: KEPT - 32171 sequences (32171 clones)
2026-03-12 10:05:46,090 - malid.dataloader.base - INFO - M64-006: KEPT - 32900 sequences (32900 clones)
2026-03-12 10:05:46,171 - malid.dataloader.base - INFO - M64-008: KEPT - 17591 sequences (17591 clones)
2026-03-12 10:05:46,359 - malid.dataloader.base - INFO - M64-010: KEPT - 26932 sequences (26932 clones)
2026-03-12 10:05:46,409 - malid.dataloader.base - INFO - M64-013: KEPT - 4226 sequences (4226 clones)
2026-03-12 10:05:46,754 - malid.dataloader.base - INFO - M64-014: KEPT - 77326 sequences (77326 clones)
2026-03-12 10:05:47,336 - malid.dataloader.base - INFO - M64-017: KEPT - 122840 sequences (122840 clones)
2026-03-12 10:05:47,532 - malid.dataloader.base - INFO - M64-019: KEPT - 74006 sequences (74006 clones)
2026-03-12 10:05:47,841 - malid.dataloader.base - INFO - M64-021: KEPT - 69509 sequences (69509 clones)
2026-03-12 10:05:48,225 - malid.dataloader.base - INFO - M64-022: KEPT - 86490 sequences (86490 clones)
2026-03-12 10:05:48,437 - malid.dataloader.base - INFO - M64-026: KEPT - 81556 sequences (81556 clones)
2026-03-12 10:05:48,720 - malid.dataloader.base - INFO - M64-029: KEPT - 91371 sequences (91371 clones)
2026-03-12 10:05:48,947 - malid.dataloader.base - INFO - M64-030: KEPT - 67418 sequences (67418 clones)
2026-03-12 10:05:49,790 - malid.dataloader.base - INFO - M64-032: KEPT - 159988 sequences (159988 clones)
2026-03-12 10:05:49,863 - malid.dataloader.base - INFO - M64-034: KEPT - 13862 sequences (13862 clones)
2026-03-12 10:05:50,002 - malid.dataloader.base - INFO - M64-035: KEPT - 43029 sequences (41767 clones)
2026-03-12 10:05:50,131 - malid.dataloader.base - INFO - M64-036: KEPT - 45667 sequences (45667 clones)
2026-03-12 10:05:50,317 - malid.dataloader.base - INFO - M64-039: KEPT - 84931 sequences (84931 clones)
2026-03-12 10:05:50,395 - malid.dataloader.base - INFO - M64-040: KEPT - 21679 sequences (21679 clones)
2026-03-12 10:05:50,456 - malid.dataloader.base - INFO - M64-041: KEPT - 12848 sequences (12848 clones)
2026-03-12 10:05:50,491 - malid.dataloader.base - INFO - M64-042: KEPT - 4801 sequences (4801 clones)
2026-03-12 10:05:50,669 - malid.dataloader.base - INFO - M64-043: KEPT - 61141 sequences (61106 clones)
2026-03-12 10:05:50,952 - malid.dataloader.base - INFO - M64-044: KEPT - 72620 sequences (70952 clones)
2026-03-12 10:05:51,057 - malid.dataloader.base - INFO - M64-046: KEPT - 45274 sequences (45274 clones)
2026-03-12 10:05:51,190 - malid.dataloader.base - INFO - M64-047: KEPT - 35543 sequences (35543 clones)
2026-03-12 10:05:51,320 - malid.dataloader.base - INFO - M64-048: KEPT - 37644 sequences (36382 clones)
2026-03-12 10:05:51,412 - malid.dataloader.base - INFO - M64-050: KEPT - 22449 sequences (22449 clones)
2026-03-12 10:05:51,643 - malid.dataloader.base - INFO - M64-053: KEPT - 58057 sequences (58057 clones)
2026-03-12 10:05:51,925 - malid.dataloader.base - INFO - M64-054: KEPT - 71408 sequences (69735 clones)
2026-03-12 10:05:52,196 - malid.dataloader.base - INFO - M64-057: KEPT - 34527 sequences (33938 clones)
2026-03-12 10:05:52,299 - malid.dataloader.base - INFO - M64-058: KEPT - 37420 sequences (37420 clones)
2026-03-12 10:05:52,677 - malid.dataloader.base - INFO - M64-060: KEPT - 59280 sequences (57593 clones)
2026-03-12 10:05:52,819 - malid.dataloader.base - INFO - M64-062: KEPT - 55267 sequences (55267 clones)
2026-03-12 10:05:52,885 - malid.dataloader.base - INFO - M64-063: KEPT - 9068 sequences (9039 clones)
2026-03-12 10:05:52,987 - malid.dataloader.base - INFO - M64-065: KEPT - 33879 sequences (32969 clones)
2026-03-12 10:05:53,125 - malid.dataloader.base - INFO - M64-067: KEPT - 41556 sequences (41556 clones)
2026-03-12 10:05:53,920 - malid.dataloader.base - INFO - M64-068: KEPT - 118676 sequences (112619 clones)
2026-03-12 10:05:54,178 - malid.dataloader.base - INFO - M64-070: KEPT - 95573 sequences (95573 clones)
2026-03-12 10:05:54,302 - malid.dataloader.base - INFO - M64-071: KEPT - 45463 sequences (45463 clones)
2026-03-12 10:05:54,411 - malid.dataloader.base - INFO - M64-072: KEPT - 33392 sequences (33392 clones)
2026-03-12 10:05:54,815 - malid.dataloader.base - INFO - M64-074: KEPT - 83836 sequences (83836 clones)
2026-03-12 10:05:54,892 - malid.dataloader.base - INFO - M64-077: KEPT - 24941 sequences (24941 clones)
2026-03-12 10:05:55,122 - malid.dataloader.base - INFO - M64-078: KEPT - 56199 sequences (56199 clones)
2026-03-12 10:05:55,224 - malid.dataloader.base - INFO - M64-079: KEPT - 28801 sequences (28801 clones)
2026-03-12 10:05:55,748 - malid.dataloader.base - INFO - M64-081: KEPT - 92240 sequences (86015 clones)
2026-03-12 10:05:55,930 - malid.dataloader.base - INFO - M64-082: KEPT - 82147 sequences (82147 clones)
2026-03-12 10:05:56,086 - malid.dataloader.base - INFO - M64-083: KEPT - 65701 sequences (65701 clones)
2026-03-12 10:05:56,664 - malid.dataloader.base - INFO - M64-084: KEPT - 128298 sequences (120200 clones)
2026-03-12 10:05:56,792 - malid.dataloader.base - INFO - M64-085: KEPT - 59516 sequences (59516 clones)
2026-03-12 10:05:57,028 - malid.dataloader.base - INFO - M64-086: KEPT - 103885 sequences (103885 clones)
2026-03-12 10:05:57,217 - malid.dataloader.base - INFO - M64-088: KEPT - 63197 sequences (63197 clones)
2026-03-12 10:05:57,578 - malid.dataloader.base - INFO - M64-089: KEPT - 106136 sequences (106136 clones)
2026-03-12 10:05:57,959 - malid.dataloader.base - INFO - M64-090: KEPT - 102170 sequences (102170 clones)
2026-03-12 10:05:58,595 - malid.dataloader.base - INFO - M64-093: KEPT - 123417 sequences (117379 clones)
2026-03-12 10:05:58,628 - malid.dataloader.base - INFO - M64-094: KEPT - 2689 sequences (2689 clones)
2026-03-12 10:05:58,698 - malid.dataloader.base - INFO - M64-095: KEPT - 12264 sequences (12264 clones)
2026-03-12 10:05:58,833 - malid.dataloader.base - INFO - M64-099: KEPT - 56422 sequences (56422 clones)
2026-03-12 10:05:58,941 - malid.dataloader.base - INFO - M64-100: KEPT - 42054 sequences (42054 clones)
2026-03-12 10:05:59,079 - malid.dataloader.base - INFO - M64-101: KEPT - 59973 sequences (59973 clones)
2026-03-12 10:05:59,497 - malid.dataloader.base - INFO - M64-103: KEPT - 106970 sequences (106970 clones)
2026-03-12 10:05:59,757 - malid.dataloader.base - INFO - M64-107: KEPT - 82304 sequences (82304 clones)
2026-03-12 10:06:00,057 - malid.dataloader.base - INFO - M64-108: KEPT - 91098 sequences (91098 clones)
2026-03-12 10:06:00,319 - malid.dataloader.base - INFO - M64-109: KEPT - 71694 sequences (71694 clones)
2026-03-12 10:06:00,433 - malid.dataloader.base - INFO - M64-111: KEPT - 32617 sequences (32617 clones)
2026-03-12 10:06:00,580 - malid.dataloader.base - INFO - M64-112: KEPT - 40710 sequences (40710 clones)
2026-03-12 10:06:01,054 - malid.dataloader.base - INFO - M64-114: KEPT - 102711 sequences (102711 clones)
2026-03-12 10:06:01,135 - malid.dataloader.base - INFO - M124-S001: KEPT - 42696 sequences (42696 clones)
2026-03-12 10:06:01,206 - malid.dataloader.base - INFO - M124-S002: KEPT - 29028 sequences (29028 clones)
2026-03-12 10:06:01,298 - malid.dataloader.base - INFO - M124-S003: KEPT - 48821 sequences (48821 clones)
2026-03-12 10:06:01,447 - malid.dataloader.base - INFO - M124-S004: KEPT - 50469 sequences (50469 clones)
2026-03-12 10:06:01,568 - malid.dataloader.base - INFO - M124-S005: KEPT - 45367 sequences (45367 clones)
2026-03-12 10:06:01,775 - malid.dataloader.base - INFO - M124-S006: KEPT - 60924 sequences (60924 clones)
2026-03-12 10:06:01,882 - malid.dataloader.base - INFO - M124-S009: KEPT - 45989 sequences (45989 clones)
2026-03-12 10:06:02,271 - malid.dataloader.base - INFO - M124-S013: KEPT - 104112 sequences (104112 clones)
2026-03-12 10:06:02,606 - malid.dataloader.base - INFO - M124-S016: KEPT - 104711 sequences (104711 clones)
2026-03-12 10:06:02,819 - malid.dataloader.base - INFO - M124-S017: KEPT - 85413 sequences (85413 clones)
2026-03-12 10:06:03,065 - malid.dataloader.base - INFO - M124-S018: KEPT - 81220 sequences (81220 clones)
2026-03-12 10:06:03,334 - malid.dataloader.base - INFO - M124-S022: KEPT - 81215 sequences (81215 clones)
2026-03-12 10:06:03,592 - malid.dataloader.base - INFO - M124-S023: KEPT - 89793 sequences (89793 clones)
2026-03-12 10:06:03,833 - malid.dataloader.base - INFO - M124-S024: KEPT - 92281 sequences (92281 clones)
2026-03-12 10:06:03,932 - malid.dataloader.base - INFO - M124-S026: KEPT - 58564 sequences (58564 clones)
2026-03-12 10:06:04,066 - malid.dataloader.base - INFO - M124-S027: KEPT - 54104 sequences (54104 clones)
2026-03-12 10:06:04,266 - malid.dataloader.base - INFO - M124-S030: KEPT - 65800 sequences (65800 clones)
2026-03-12 10:06:04,470 - malid.dataloader.base - INFO - M124-S031: KEPT - 66622 sequences (66622 clones)
2026-03-12 10:06:04,554 - malid.dataloader.base - INFO - M124-S032: KEPT - 42569 sequences (42569 clones)
2026-03-12 10:06:04,658 - malid.dataloader.base - INFO - M124-S033: KEPT - 44898 sequences (44898 clones)
2026-03-12 10:06:04,855 - malid.dataloader.base - INFO - M124-S043: KEPT - 62969 sequences (62969 clones)
2026-03-12 10:06:05,031 - malid.dataloader.base - INFO - M454-S028: KEPT - 51977 sequences (51977 clones)
2026-03-12 10:06:05,147 - malid.dataloader.base - INFO - M454-S030: KEPT - 23474 sequences (23474 clones)
2026-03-12 10:06:05,219 - malid.dataloader.base - INFO - M454-S032: KEPT - 20875 sequences (20875 clones)
2026-03-12 10:06:06,818 - malid.dataloader.base - INFO - M456-S005: KEPT - 233296 sequences (233296 clones)
2026-03-12 10:06:07,715 - malid.dataloader.base - INFO - M456-S007: KEPT - 144254 sequences (144254 clones)
2026-03-12 10:06:07,958 - malid.dataloader.base - INFO - M464-S001: KEPT - 110630 sequences (110630 clones)
2026-03-12 10:06:08,188 - malid.dataloader.base - INFO - M464-S002: KEPT - 125713 sequences (125713 clones)
2026-03-12 10:06:08,412 - malid.dataloader.base - INFO - M464-S004: KEPT - 112203 sequences (112203 clones)
2026-03-12 10:06:08,755 - malid.dataloader.base - INFO - M464-S006: KEPT - 128473 sequences (128473 clones)
2026-03-12 10:06:09,042 - malid.dataloader.base - INFO - M464-S007: KEPT - 105078 sequences (105078 clones)
2026-03-12 10:06:09,127 - malid.dataloader.base - INFO - M464-S009: KEPT - 19832 sequences (19832 clones)
2026-03-12 10:06:09,577 - malid.dataloader.base - INFO - M464-S010: KEPT - 123825 sequences (123825 clones)
2026-03-12 10:06:09,748 - malid.dataloader.base - INFO - M464-S011: KEPT - 76856 sequences (76856 clones)
2026-03-12 10:06:10,237 - malid.dataloader.base - INFO - M464-S013: KEPT - 138913 sequences (138913 clones)
2026-03-12 10:06:10,563 - malid.dataloader.base - INFO - M464-S014: KEPT - 94321 sequences (94321 clones)
2026-03-12 10:06:10,937 - malid.dataloader.base - INFO - M464-S015: KEPT - 109888 sequences (109888 clones)
2026-03-12 10:06:11,438 - malid.dataloader.base - INFO - M464-S016: KEPT - 129870 sequences (129870 clones)
2026-03-12 10:06:11,823 - malid.dataloader.base - INFO - M464-S017: KEPT - 135711 sequences (135711 clones)
2026-03-12 10:06:12,092 - malid.dataloader.base - INFO - M464-S018: KEPT - 95676 sequences (95676 clones)
2026-03-12 10:06:12,179 - malid.dataloader.base - INFO - M464-S023: KEPT - 23371 sequences (23371 clones)
2026-03-12 10:06:12,613 - malid.dataloader.base - INFO - M464-S024: KEPT - 129136 sequences (129136 clones)
2026-03-12 10:06:12,807 - malid.dataloader.base - INFO - M464-S027: KEPT - 81942 sequences (81942 clones)
2026-03-12 10:06:13,100 - malid.dataloader.base - INFO - M464-S028: KEPT - 92098 sequences (92098 clones)
2026-03-12 10:06:13,287 - malid.dataloader.base - INFO - M464-S030: KEPT - 89874 sequences (89874 clones)
2026-03-12 10:06:13,553 - malid.dataloader.base - INFO - M464-S031: KEPT - 80390 sequences (80390 clones)
2026-03-12 10:06:13,879 - malid.dataloader.base - INFO - M464-S032: KEPT - 98372 sequences (98372 clones)
2026-03-12 10:06:13,974 - malid.dataloader.base - INFO - M464-S033: KEPT - 13112 sequences (13112 clones)
2026-03-12 10:06:14,124 - malid.dataloader.base - INFO - M464-S034: KEPT - 64322 sequences (64322 clones)
2026-03-12 10:06:14,489 - malid.dataloader.base - INFO - M464-S035: KEPT - 107243 sequences (107243 clones)
2026-03-12 10:06:14,725 - malid.dataloader.base - INFO - M464-S040: KEPT - 81685 sequences (81685 clones)
2026-03-12 10:06:14,798 - malid.dataloader.base - INFO - M464-S041: KEPT - 11000 sequences (11000 clones)
2026-03-12 10:06:15,021 - malid.dataloader.base - INFO - M464-S042: KEPT - 74683 sequences (74683 clones)
2026-03-12 10:06:15,131 - malid.dataloader.base - INFO - M464-S046: KEPT - 29347 sequences (29347 clones)
2026-03-12 10:06:15,185 - malid.dataloader.base - INFO - M491-S062: KEPT - 27246 sequences (27246 clones)
2026-03-12 10:06:15,237 - malid.dataloader.base - INFO - M491-S088: KEPT - 23244 sequences (23244 clones)
2026-03-12 10:06:15,329 - malid.dataloader.base - INFO - M111-S037: KEPT - 48757 sequences (48757 clones)
2026-03-12 10:06:15,454 - malid.dataloader.base - INFO - M111-S033: KEPT - 46514 sequences (46514 clones)
2026-03-12 10:06:15,618 - malid.dataloader.base - INFO - M111-S038: KEPT - 48741 sequences (48741 clones)
2026-03-12 10:06:15,734 - malid.dataloader.base - INFO - M111-S016: KEPT - 32832 sequences (32832 clones)
2026-03-12 10:06:15,863 - malid.dataloader.base - INFO - M111-S043: KEPT - 46764 sequences (46764 clones)
2026-03-12 10:06:15,973 - malid.dataloader.base - INFO - M111-S040: KEPT - 37612 sequences (37612 clones)
2026-03-12 10:06:16,039 - malid.dataloader.base - INFO - M111-S041: KEPT - 24851 sequences (24851 clones)
2026-03-12 10:06:16,280 - malid.dataloader.base - INFO - M111-S035: KEPT - 42541 sequences (42541 clones)
2026-03-12 10:06:16,440 - malid.dataloader.base - INFO - M111-S025: KEPT - 47059 sequences (47059 clones)
2026-03-12 10:06:16,627 - malid.dataloader.base - INFO - M111-S011: KEPT - 49695 sequences (49695 clones)
2026-03-12 10:06:16,803 - malid.dataloader.base - INFO - M111-S036: KEPT - 43012 sequences (43012 clones)
2026-03-12 10:06:16,928 - malid.dataloader.base - INFO - M111-S039: KEPT - 34011 sequences (34011 clones)
2026-03-12 10:06:17,125 - malid.dataloader.base - INFO - M111-S022: KEPT - 37430 sequences (37430 clones)
2026-03-12 10:06:17,269 - malid.dataloader.base - INFO - M111-S019: KEPT - 42643 sequences (42643 clones)
2026-03-12 10:06:17,480 - malid.dataloader.base - INFO - M111-S013: KEPT - 53705 sequences (53705 clones)
2026-03-12 10:06:17,887 - malid.dataloader.base - INFO - M111-S009: KEPT - 94794 sequences (94794 clones)
2026-03-12 10:06:18,025 - malid.dataloader.base - INFO - M111-S030: KEPT - 66250 sequences (66250 clones)
2026-03-12 10:06:18,102 - malid.dataloader.base - INFO - M111-S032: KEPT - 29414 sequences (29414 clones)
2026-03-12 10:06:18,173 - malid.dataloader.base - INFO - M111-S031: KEPT - 31259 sequences (31259 clones)
2026-03-12 10:06:18,241 - malid.dataloader.base - INFO - M111-S020: KEPT - 19519 sequences (19519 clones)
2026-03-12 10:06:18,358 - malid.dataloader.base - INFO - M111-S027: KEPT - 28369 sequences (28369 clones)
2026-03-12 10:06:18,432 - malid.dataloader.base - INFO - M111-S008: KEPT - 24944 sequences (24944 clones)
2026-03-12 10:06:18,750 - malid.dataloader.base - INFO - M111-S003: KEPT - 66195 sequences (66195 clones)
2026-03-12 10:06:18,835 - malid.dataloader.base - INFO - M111-S053: KEPT - 31004 sequences (31004 clones)
2026-03-12 10:06:18,943 - malid.dataloader.base - INFO - M111-S023: KEPT - 44258 sequences (44258 clones)
2026-03-12 10:06:19,040 - malid.dataloader.base - INFO - M111-S007: KEPT - 28356 sequences (28356 clones)
2026-03-12 10:06:19,209 - malid.dataloader.base - INFO - M111-S044: KEPT - 46412 sequences (46412 clones)
2026-03-12 10:06:19,337 - malid.dataloader.base - INFO - M111-S006: KEPT - 35573 sequences (35573 clones)
2026-03-12 10:06:19,538 - malid.dataloader.base - INFO - M111-S021: KEPT - 63010 sequences (63010 clones)
2026-03-12 10:06:19,701 - malid.dataloader.base - INFO - M111-S054: KEPT - 47878 sequences (47878 clones)
2026-03-12 10:06:19,862 - malid.dataloader.base - INFO - M111-S050: KEPT - 55446 sequences (55446 clones)
2026-03-12 10:06:19,952 - malid.dataloader.base - INFO - M111-S048: KEPT - 28976 sequences (28976 clones)
2026-03-12 10:06:20,067 - malid.dataloader.base - INFO - M111-S012: KEPT - 27598 sequences (27598 clones)
2026-03-12 10:06:20,121 - malid.dataloader.base - INFO - M111-S028: KEPT - 15423 sequences (15423 clones)
2026-03-12 10:06:20,324 - malid.dataloader.base - INFO - M111-S052: KEPT - 56630 sequences (56630 clones)
2026-03-12 10:06:20,451 - malid.dataloader.base - INFO - M111-S049: KEPT - 46676 sequences (46676 clones)
2026-03-12 10:06:20,760 - malid.dataloader.base - INFO - M111-S029: KEPT - 79083 sequences (79083 clones)
2026-03-12 10:06:20,818 - malid.dataloader.base - INFO - M124-S044: KEPT - 19074 sequences (19074 clones)
2026-03-12 10:06:20,890 - malid.dataloader.base - INFO - M124-S046: KEPT - 33890 sequences (33890 clones)
2026-03-12 10:06:21,011 - malid.dataloader.base - INFO - M124-S048: KEPT - 40491 sequences (40491 clones)
2026-03-12 10:06:21,068 - malid.dataloader.base - INFO - M124-S049: KEPT - 25799 sequences (25799 clones)
2026-03-12 10:06:21,148 - malid.dataloader.base - INFO - M124-S050: KEPT - 42024 sequences (42024 clones)
2026-03-12 10:06:21,269 - malid.dataloader.base - INFO - M124-S051: KEPT - 57265 sequences (57265 clones)
2026-03-12 10:06:21,330 - malid.dataloader.base - INFO - M124-S053: KEPT - 31983 sequences (31983 clones)
2026-03-12 10:06:21,382 - malid.dataloader.base - INFO - M124-S054: KEPT - 24266 sequences (24266 clones)
2026-03-12 10:06:21,464 - malid.dataloader.base - INFO - M124-S057: KEPT - 41345 sequences (41345 clones)
2026-03-12 10:06:21,495 - malid.dataloader.base - INFO - M124-S058: KEPT - 5484 sequences (5484 clones)
2026-03-12 10:06:21,625 - malid.dataloader.base - INFO - M124-S059: KEPT - 44264 sequences (44264 clones)
2026-03-12 10:06:21,723 - malid.dataloader.base - INFO - M124-S060: KEPT - 35323 sequences (35323 clones)
2026-03-12 10:06:21,894 - malid.dataloader.base - INFO - M124-S065: KEPT - 47472 sequences (47472 clones)
2026-03-12 10:06:21,990 - malid.dataloader.base - INFO - M124-S066: KEPT - 38260 sequences (38260 clones)
2026-03-12 10:06:22,044 - malid.dataloader.base - INFO - M124-S067: KEPT - 19518 sequences (19518 clones)
2026-03-12 10:06:22,214 - malid.dataloader.base - INFO - M124-S068: KEPT - 45132 sequences (45132 clones)
2026-03-12 10:06:22,263 - malid.dataloader.base - INFO - M124-S072: KEPT - 15138 sequences (15138 clones)
2026-03-12 10:06:22,328 - malid.dataloader.base - INFO - M124-S073: KEPT - 28173 sequences (28173 clones)
2026-03-12 10:06:22,514 - malid.dataloader.base - INFO - M124-S076: KEPT - 51830 sequences (51830 clones)
2026-03-12 10:06:22,593 - malid.dataloader.base - INFO - M124-S079: KEPT - 36716 sequences (36716 clones)
2026-03-12 10:06:22,653 - malid.dataloader.base - INFO - M124-S080: KEPT - 29406 sequences (29406 clones)
2026-03-12 10:06:22,788 - malid.dataloader.base - INFO - M124-S081: KEPT - 39709 sequences (39709 clones)
2026-03-12 10:06:22,858 - malid.dataloader.base - INFO - M124-S082: KEPT - 35530 sequences (35530 clones)
2026-03-12 10:06:22,920 - malid.dataloader.base - INFO - M124-S083: KEPT - 24533 sequences (24533 clones)
2026-03-12 10:06:23,115 - malid.dataloader.base - INFO - M124-S084: KEPT - 47348 sequences (47348 clones)
2026-03-12 10:06:23,242 - malid.dataloader.base - INFO - M124-S055: KEPT - 16499 sequences (16499 clones)
2026-03-12 10:06:23,279 - malid.dataloader.base - INFO - M124-S086: KEPT - 11852 sequences (11852 clones)
2026-03-12 10:06:23,451 - malid.dataloader.base - INFO - M124-S087: KEPT - 38663 sequences (38663 clones)
2026-03-12 10:06:23,785 - malid.dataloader.base - INFO - M447-S031: KEPT - 55020 sequences (55020 clones)
2026-03-12 10:06:24,025 - malid.dataloader.base - INFO - M447-S033: KEPT - 50283 sequences (50283 clones)
2026-03-12 10:06:24,226 - malid.dataloader.base - INFO - M447-S034: KEPT - 49380 sequences (49380 clones)
2026-03-12 10:06:24,378 - malid.dataloader.base - INFO - M447-S035: KEPT - 48549 sequences (48549 clones)
2026-03-12 10:06:24,512 - malid.dataloader.base - INFO - M447-S036: KEPT - 47562 sequences (47562 clones)
2026-03-12 10:06:24,658 - malid.dataloader.base - INFO - M447-S038: KEPT - 42546 sequences (42546 clones)
2026-03-12 10:06:24,929 - malid.dataloader.base - INFO - M447-S039: KEPT - 68359 sequences (68359 clones)
2026-03-12 10:06:25,023 - malid.dataloader.base - INFO - M447-S043: KEPT - 38143 sequences (38143 clones)
2026-03-12 10:06:25,291 - malid.dataloader.base - INFO - M447-S001: KEPT - 69669 sequences (69669 clones)
2026-03-12 10:06:25,554 - malid.dataloader.base - INFO - M447-S002: KEPT - 79924 sequences (79924 clones)
2026-03-12 10:06:25,689 - malid.dataloader.base - INFO - M447-S003: KEPT - 51093 sequences (51093 clones)
2026-03-12 10:06:25,834 - malid.dataloader.base - INFO - M447-S004: KEPT - 42156 sequences (42156 clones)
2026-03-12 10:06:25,918 - malid.dataloader.base - INFO - M447-S005: KEPT - 33256 sequences (33256 clones)
2026-03-12 10:06:26,179 - malid.dataloader.base - INFO - M447-S006: KEPT - 82325 sequences (82325 clones)
2026-03-12 10:06:26,420 - malid.dataloader.base - INFO - M447-S008: KEPT - 81259 sequences (81259 clones)
2026-03-12 10:06:26,497 - malid.dataloader.base - INFO - M447-S009: KEPT - 27805 sequences (27805 clones)
2026-03-12 10:06:26,571 - malid.dataloader.base - INFO - M447-S011: KEPT - 31229 sequences (31229 clones)
2026-03-12 10:06:26,763 - malid.dataloader.base - INFO - M447-S013: KEPT - 61402 sequences (61402 clones)
2026-03-12 10:06:26,952 - malid.dataloader.base - INFO - M447-S016: KEPT - 58206 sequences (58206 clones)
2026-03-12 10:06:27,129 - malid.dataloader.base - INFO - M447-S020: KEPT - 60501 sequences (60501 clones)
2026-03-12 10:06:27,356 - malid.dataloader.base - INFO - M447-S021: KEPT - 67591 sequences (67591 clones)
2026-03-12 10:06:27,632 - malid.dataloader.base - INFO - M447-S023: KEPT - 83736 sequences (83736 clones)
2026-03-12 10:06:27,821 - malid.dataloader.base - INFO - M447-S024: KEPT - 63969 sequences (63969 clones)
2026-03-12 10:06:27,934 - malid.dataloader.base - INFO - M447-S025: KEPT - 48589 sequences (48589 clones)
2026-03-12 10:06:28,062 - malid.dataloader.base - INFO - M447-S026: KEPT - 49331 sequences (49331 clones)
2026-03-12 10:06:28,223 - malid.dataloader.base - INFO - M447-S027: KEPT - 47076 sequences (47076 clones)
2026-03-12 10:06:28,371 - malid.dataloader.base - INFO - M447-S028: KEPT - 51713 sequences (51713 clones)
2026-03-12 10:06:28,546 - malid.dataloader.base - INFO - M447-S029: KEPT - 41093 sequences (41093 clones)
2026-03-12 10:06:28,761 - malid.dataloader.base - INFO - M447-S030: KEPT - 63042 sequences (63042 clones)
2026-03-12 10:06:28,824 - malid.dataloader.base - INFO - M454-S011: KEPT - 9125 sequences (9125 clones)
2026-03-12 10:06:29,020 - malid.dataloader.base - INFO - M454-S015: KEPT - 43547 sequences (43547 clones)
2026-03-12 10:06:29,110 - malid.dataloader.base - INFO - M454-S018: KEPT - 19623 sequences (19623 clones)
2026-03-12 10:06:29,205 - malid.dataloader.base - INFO - M454-S020: KEPT - 29471 sequences (29471 clones)
2026-03-12 10:06:29,237 - malid.dataloader.base - INFO - M454-S021: KEPT - 2649 sequences (2649 clones)
2026-03-12 10:06:29,437 - malid.dataloader.base - INFO - M454-S031: KEPT - 42427 sequences (42427 clones)
2026-03-12 10:06:29,706 - malid.dataloader.base - INFO - M454-S035: KEPT - 59087 sequences (59087 clones)
2026-03-12 10:06:30,171 - malid.dataloader.base - INFO - M454-S049: KEPT - 49906 sequences (49906 clones)
2026-03-12 10:06:30,208 - malid.dataloader.base - INFO - M454-S050: KEPT - 4758 sequences (4758 clones)
2026-03-12 10:06:30,398 - malid.dataloader.base - INFO - M454-S060: KEPT - 62359 sequences (62359 clones)
2026-03-12 10:06:31,314 - malid.dataloader.base - INFO - M456-S001: KEPT - 90808 sequences (90808 clones)
2026-03-12 10:06:31,540 - malid.dataloader.base - INFO - M456-S002: KEPT - 46063 sequences (46063 clones)
2026-03-12 10:06:32,182 - malid.dataloader.base - INFO - M456-S006: KEPT - 104036 sequences (104036 clones)
2026-03-12 10:06:33,841 - malid.dataloader.base - INFO - M456-S008: KEPT - 375146 sequences (375146 clones)
2026-03-12 10:06:34,620 - malid.dataloader.base - INFO - M369-S001: KEPT - 97922 sequences (97922 clones)
2026-03-12 10:06:34,634 - malid.dataloader.base - INFO - M371-S003: KEPT - 1228 sequences (1228 clones)
2026-03-12 10:06:34,703 - malid.dataloader.base - INFO - M371-S012: KEPT - 15192 sequences (15192 clones)
2026-03-12 10:06:34,764 - malid.dataloader.base - INFO - M371-S013: KEPT - 13160 sequences (13160 clones)
2026-03-12 10:06:34,818 - malid.dataloader.base - INFO - M371-S014: KEPT - 12453 sequences (12453 clones)
2026-03-12 10:06:36,109 - malid.dataloader.base - INFO - M369-S004: KEPT - 29419 sequences (29419 clones)
2026-03-12 10:06:36,934 - malid.dataloader.base - INFO - M369-S005: KEPT - 171279 sequences (171279 clones)
2026-03-12 10:06:37,007 - malid.dataloader.base - INFO - M371-S004: KEPT - 13156 sequences (13156 clones)
2026-03-12 10:06:37,084 - malid.dataloader.base - INFO - M371-S017: KEPT - 20894 sequences (20894 clones)
2026-03-12 10:06:39,262 - malid.dataloader.base - INFO - M369-S007: KEPT - 265813 sequences (265813 clones)
2026-03-12 10:06:39,322 - malid.dataloader.base - INFO - M371-S002: KEPT - 11672 sequences (11672 clones)
2026-03-12 10:06:39,386 - malid.dataloader.base - INFO - M371-S031: KEPT - 19404 sequences (19404 clones)
2026-03-12 10:06:39,400 - malid.dataloader.base - INFO - M371-S032: KEPT - 1899 sequences (1899 clones)
2026-03-12 10:06:39,442 - malid.dataloader.base - INFO - M371-S033: KEPT - 6058 sequences (6058 clones)
2026-03-12 10:06:39,636 - malid.dataloader.base - INFO - M371-S001: KEPT - 4668 sequences (4668 clones)
2026-03-12 10:06:39,679 - malid.dataloader.base - INFO - M371-S015: KEPT - 6721 sequences (6721 clones)
2026-03-12 10:06:39,731 - malid.dataloader.base - INFO - M371-S016: KEPT - 10567 sequences (10567 clones)
2026-03-12 10:06:39,849 - malid.dataloader.base - INFO - M371-S005: KEPT - 5096 sequences (5096 clones)
2026-03-12 10:06:39,883 - malid.dataloader.base - INFO - M371-S006: KEPT - 4867 sequences (4867 clones)
2026-03-12 10:06:39,917 - malid.dataloader.base - INFO - M371-S007: KEPT - 4573 sequences (4573 clones)
2026-03-12 10:06:40,078 - malid.dataloader.base - INFO - M371-S021: KEPT - 12650 sequences (12650 clones)
2026-03-12 10:06:40,132 - malid.dataloader.base - INFO - M371-S022: KEPT - 10148 sequences (10148 clones)
2026-03-12 10:06:40,172 - malid.dataloader.base - INFO - M371-S023: KEPT - 6836 sequences (6836 clones)
2026-03-12 10:06:40,279 - malid.dataloader.base - INFO - M371-S008: KEPT - 4715 sequences (4715 clones)
2026-03-12 10:06:40,334 - malid.dataloader.base - INFO - M371-S024: KEPT - 14188 sequences (14188 clones)
2026-03-12 10:06:40,496 - malid.dataloader.base - INFO - M371-S009: KEPT - 6613 sequences (6613 clones)
2026-03-12 10:06:40,569 - malid.dataloader.base - INFO - M371-S010: KEPT - 19921 sequences (19921 clones)
2026-03-12 10:06:40,619 - malid.dataloader.base - INFO - M371-S025: KEPT - 10733 sequences (10733 clones)
2026-03-12 10:06:40,745 - malid.dataloader.base - INFO - M371-S028: KEPT - 8074 sequences (8074 clones)
2026-03-12 10:06:40,759 - malid.dataloader.base - INFO - M371-S029: KEPT - 1071 sequences (1071 clones)
2026-03-12 10:06:40,811 - malid.dataloader.base - INFO - M371-S030: KEPT - 10385 sequences (10385 clones)
2026-03-12 10:06:40,855 - malid.dataloader.base - INFO - M418-S205: KEPT - 10531 sequences (10531 clones)
2026-03-12 10:06:40,882 - malid.dataloader.base - INFO - M418-S219: KEPT - 5638 sequences (5638 clones)
2026-03-12 10:06:40,920 - malid.dataloader.base - INFO - M418-S229: KEPT - 12298 sequences (12298 clones)
2026-03-12 10:06:40,958 - malid.dataloader.base - INFO - M418-S094: KEPT - 13054 sequences (13054 clones)
2026-03-12 10:06:41,029 - malid.dataloader.base - INFO - M418-S095: KEPT - 19556 sequences (19556 clones)
2026-03-12 10:06:41,074 - malid.dataloader.base - INFO - M418-S096: KEPT - 26303 sequences (26303 clones)
2026-03-12 10:06:41,152 - malid.dataloader.base - INFO - M418-S101: KEPT - 13372 sequences (13372 clones)
2026-03-12 10:06:41,173 - malid.dataloader.base - INFO - M418-S102: KEPT - 5161 sequences (5161 clones)
2026-03-12 10:06:41,204 - malid.dataloader.base - INFO - M418-S103: KEPT - 13294 sequences (13294 clones)
2026-03-12 10:06:41,257 - malid.dataloader.base - INFO - M418-S104: KEPT - 2405 sequences (2405 clones)
2026-03-12 10:06:41,285 - malid.dataloader.base - INFO - M418-S105: KEPT - 10682 sequences (10682 clones)
2026-03-12 10:06:41,324 - malid.dataloader.base - INFO - M418-S106: KEPT - 18666 sequences (18666 clones)
2026-03-12 10:06:41,415 - malid.dataloader.base - INFO - M418-S110: KEPT - 15457 sequences (15457 clones)
2026-03-12 10:06:41,456 - malid.dataloader.base - INFO - M418-S111: KEPT - 20610 sequences (20610 clones)
2026-03-12 10:06:41,502 - malid.dataloader.base - INFO - M418-S112: KEPT - 24154 sequences (24154 clones)
2026-03-12 10:06:41,559 - malid.dataloader.base - INFO - M418-S113: KEPT - 4332 sequences (4332 clones)
2026-03-12 10:06:41,593 - malid.dataloader.base - INFO - M418-S114: KEPT - 14503 sequences (14503 clones)
2026-03-12 10:06:41,631 - malid.dataloader.base - INFO - M418-S118: KEPT - 3102 sequences (3102 clones)
2026-03-12 10:06:41,673 - malid.dataloader.base - INFO - M418-S139: KEPT - 13898 sequences (13898 clones)
2026-03-12 10:06:41,745 - malid.dataloader.base - INFO - M418-S161: KEPT - 20731 sequences (20731 clones)
2026-03-12 10:06:41,784 - malid.dataloader.base - INFO - M418-S162: KEPT - 19737 sequences (19737 clones)
2026-03-12 10:06:41,845 - malid.dataloader.base - INFO - M418-S163: KEPT - 17039 sequences (17039 clones)
2026-03-12 10:06:41,883 - malid.dataloader.base - INFO - M418-S174: KEPT - 11436 sequences (11436 clones)
2026-03-12 10:06:41,911 - malid.dataloader.base - INFO - M418-S182: KEPT - 5092 sequences (5092 clones)
2026-03-12 10:06:41,953 - malid.dataloader.base - INFO - M418-S193: KEPT - 12835 sequences (12835 clones)
2026-03-12 10:06:42,004 - malid.dataloader.base - INFO - M418-S007: KEPT - 7916 sequences (7916 clones)
2026-03-12 10:06:42,043 - malid.dataloader.base - INFO - M418-S008: KEPT - 19828 sequences (19828 clones)
2026-03-12 10:06:42,133 - malid.dataloader.base - INFO - M418-S009: KEPT - 14589 sequences (14589 clones)
2026-03-12 10:06:42,171 - malid.dataloader.base - INFO - M418-S010: KEPT - 13396 sequences (13396 clones)
2026-03-12 10:06:42,208 - malid.dataloader.base - INFO - M418-S012: KEPT - 2140 sequences (2140 clones)
2026-03-12 10:06:42,252 - malid.dataloader.base - INFO - M418-S013: KEPT - 23936 sequences (23936 clones)
2026-03-12 10:06:42,331 - malid.dataloader.base - INFO - M418-S022: KEPT - 23883 sequences (23883 clones)
2026-03-12 10:06:42,371 - malid.dataloader.base - INFO - M418-S023: KEPT - 22166 sequences (22166 clones)
2026-03-12 10:06:42,439 - malid.dataloader.base - INFO - M418-S025: KEPT - 25251 sequences (25251 clones)
2026-03-12 10:06:42,477 - malid.dataloader.base - INFO - M418-S026: KEPT - 12642 sequences (12642 clones)
2026-03-12 10:06:42,511 - malid.dataloader.base - INFO - M418-S027: KEPT - 9951 sequences (9951 clones)
2026-03-12 10:06:42,555 - malid.dataloader.base - INFO - M418-S031: KEPT - 18787 sequences (18787 clones)
2026-03-12 10:06:42,599 - malid.dataloader.base - INFO - M418-S033: KEPT - 19126 sequences (19126 clones)
2026-03-12 10:06:42,635 - malid.dataloader.base - INFO - M418-S043: KEPT - 11565 sequences (11565 clones)
2026-03-12 10:06:42,663 - malid.dataloader.base - INFO - M418-S046: KEPT - 6844 sequences (6844 clones)
2026-03-12 10:06:42,707 - malid.dataloader.base - INFO - M418-S049: KEPT - 17653 sequences (17653 clones)
2026-03-12 10:06:42,852 - malid.dataloader.base - INFO - M433-S001: KEPT - 35874 sequences (35874 clones)
2026-03-12 10:06:42,907 - malid.dataloader.base - INFO - M433-S038: KEPT - 32981 sequences (32981 clones)
2026-03-12 10:06:42,958 - malid.dataloader.base - INFO - M433-S076: KEPT - 30458 sequences (30458 clones)
2026-03-12 10:06:43,013 - malid.dataloader.base - INFO - M433-S113: KEPT - 30089 sequences (30089 clones)
2026-03-12 10:06:43,168 - malid.dataloader.base - INFO - M433-S003: KEPT - 31068 sequences (31068 clones)
2026-03-12 10:06:43,217 - malid.dataloader.base - INFO - M433-S040: KEPT - 26740 sequences (26740 clones)
2026-03-12 10:06:43,244 - malid.dataloader.base - INFO - M433-S078: KEPT - 7606 sequences (7606 clones)
2026-03-12 10:06:43,294 - malid.dataloader.base - INFO - M433-S115: KEPT - 27802 sequences (27802 clones)
2026-03-12 10:06:43,471 - malid.dataloader.base - INFO - M433-S004: KEPT - 40842 sequences (40842 clones)
2026-03-12 10:06:43,535 - malid.dataloader.base - INFO - M433-S041: KEPT - 39415 sequences (39415 clones)
2026-03-12 10:06:43,597 - malid.dataloader.base - INFO - M433-S079: KEPT - 36809 sequences (36809 clones)
2026-03-12 10:06:43,660 - malid.dataloader.base - INFO - M433-S116: KEPT - 38891 sequences (38891 clones)
2026-03-12 10:06:43,832 - malid.dataloader.base - INFO - M433-S006: KEPT - 34795 sequences (34795 clones)
2026-03-12 10:06:43,888 - malid.dataloader.base - INFO - M433-S043: KEPT - 33606 sequences (33606 clones)
2026-03-12 10:06:43,934 - malid.dataloader.base - INFO - M433-S081: KEPT - 24586 sequences (24586 clones)
2026-03-12 10:06:43,993 - malid.dataloader.base - INFO - M433-S118: KEPT - 37391 sequences (37391 clones)
2026-03-12 10:06:44,156 - malid.dataloader.base - INFO - M433-S009: KEPT - 31577 sequences (31577 clones)
2026-03-12 10:06:44,207 - malid.dataloader.base - INFO - M433-S046: KEPT - 31539 sequences (31539 clones)
2026-03-12 10:06:44,268 - malid.dataloader.base - INFO - M433-S084: KEPT - 35975 sequences (35975 clones)
2026-03-12 10:06:44,317 - malid.dataloader.base - INFO - M433-S121: KEPT - 28771 sequences (28771 clones)
2026-03-12 10:06:44,473 - malid.dataloader.base - INFO - M433-S010: KEPT - 29963 sequences (29963 clones)
2026-03-12 10:06:44,516 - malid.dataloader.base - INFO - M433-S071: KEPT - 22141 sequences (22141 clones)
2026-03-12 10:06:44,555 - malid.dataloader.base - INFO - M433-S085: KEPT - 19279 sequences (19279 clones)
2026-03-12 10:06:44,618 - malid.dataloader.base - INFO - M433-S122: KEPT - 40477 sequences (40477 clones)
2026-03-12 10:06:44,780 - malid.dataloader.base - INFO - M433-S011: KEPT - 35040 sequences (35040 clones)
2026-03-12 10:06:44,840 - malid.dataloader.base - INFO - M433-S047: KEPT - 36555 sequences (36555 clones)
2026-03-12 10:06:44,876 - malid.dataloader.base - INFO - M433-S086: KEPT - 15427 sequences (15427 clones)
2026-03-12 10:06:44,934 - malid.dataloader.base - INFO - M433-S123: KEPT - 36856 sequences (36856 clones)
2026-03-12 10:06:45,080 - malid.dataloader.base - INFO - M433-S012: KEPT - 26295 sequences (26295 clones)
2026-03-12 10:06:45,137 - malid.dataloader.base - INFO - M433-S048: KEPT - 33100 sequences (33100 clones)
2026-03-12 10:06:45,169 - malid.dataloader.base - INFO - M433-S087: KEPT - 17632 sequences (17632 clones)
2026-03-12 10:06:45,224 - malid.dataloader.base - INFO - M433-S124: KEPT - 33076 sequences (33076 clones)
2026-03-12 10:06:45,390 - malid.dataloader.base - INFO - M433-S013: KEPT - 33739 sequences (33739 clones)
2026-03-12 10:06:45,450 - malid.dataloader.base - INFO - M433-S049: KEPT - 39481 sequences (39481 clones)
2026-03-12 10:06:45,497 - malid.dataloader.base - INFO - M433-S088: KEPT - 29106 sequences (29106 clones)
2026-03-12 10:06:45,557 - malid.dataloader.base - INFO - M433-S125: KEPT - 35485 sequences (35485 clones)
2026-03-12 10:06:45,722 - malid.dataloader.base - INFO - M433-S014: KEPT - 31064 sequences (31064 clones)
2026-03-12 10:06:45,776 - malid.dataloader.base - INFO - M433-S050: KEPT - 32258 sequences (32258 clones)
2026-03-12 10:06:45,827 - malid.dataloader.base - INFO - M433-S089: KEPT - 30050 sequences (30050 clones)
2026-03-12 10:06:45,891 - malid.dataloader.base - INFO - M433-S126: KEPT - 38283 sequences (38283 clones)
2026-03-12 10:06:46,040 - malid.dataloader.base - INFO - M433-S015: KEPT - 26373 sequences (26373 clones)
2026-03-12 10:06:46,100 - malid.dataloader.base - INFO - M433-S051: KEPT - 38647 sequences (38647 clones)
2026-03-12 10:06:46,155 - malid.dataloader.base - INFO - M433-S090: KEPT - 33070 sequences (33070 clones)
2026-03-12 10:06:46,217 - malid.dataloader.base - INFO - M433-S127: KEPT - 39055 sequences (39055 clones)
2026-03-12 10:06:46,394 - malid.dataloader.base - INFO - M433-S017: KEPT - 37814 sequences (37814 clones)
2026-03-12 10:06:46,458 - malid.dataloader.base - INFO - M433-S053: KEPT - 40743 sequences (40743 clones)
2026-03-12 10:06:46,518 - malid.dataloader.base - INFO - M433-S092: KEPT - 36150 sequences (36150 clones)
2026-03-12 10:06:46,581 - malid.dataloader.base - INFO - M433-S129: KEPT - 40332 sequences (40332 clones)
2026-03-12 10:06:46,764 - malid.dataloader.base - INFO - M433-S019: KEPT - 38453 sequences (38453 clones)
2026-03-12 10:06:46,826 - malid.dataloader.base - INFO - M433-S055: KEPT - 39031 sequences (39031 clones)
2026-03-12 10:06:46,879 - malid.dataloader.base - INFO - M433-S094: KEPT - 30561 sequences (30561 clones)
2026-03-12 10:06:46,946 - malid.dataloader.base - INFO - M433-S131: KEPT - 40143 sequences (40143 clones)
2026-03-12 10:06:47,111 - malid.dataloader.base - INFO - M433-S020: KEPT - 33416 sequences (33416 clones)
2026-03-12 10:06:47,164 - malid.dataloader.base - INFO - M433-S072: KEPT - 30057 sequences (30057 clones)
2026-03-12 10:06:47,198 - malid.dataloader.base - INFO - M433-S095: KEPT - 12438 sequences (12438 clones)
2026-03-12 10:06:47,257 - malid.dataloader.base - INFO - M433-S132: KEPT - 35665 sequences (35665 clones)
2026-03-12 10:06:47,438 - malid.dataloader.base - INFO - M433-S021: KEPT - 40593 sequences (40593 clones)
2026-03-12 10:06:47,491 - malid.dataloader.base - INFO - M433-S073: KEPT - 24617 sequences (24617 clones)
2026-03-12 10:06:47,562 - malid.dataloader.base - INFO - M433-S096: KEPT - 37219 sequences (37219 clones)
2026-03-12 10:06:47,636 - malid.dataloader.base - INFO - M433-S133: KEPT - 42340 sequences (42340 clones)
2026-03-12 10:06:47,812 - malid.dataloader.base - INFO - M433-S022: KEPT - 35155 sequences (35155 clones)
2026-03-12 10:06:47,872 - malid.dataloader.base - INFO - M433-S056: KEPT - 36169 sequences (36169 clones)
2026-03-12 10:06:47,933 - malid.dataloader.base - INFO - M433-S097: KEPT - 36769 sequences (36769 clones)
2026-03-12 10:06:47,989 - malid.dataloader.base - INFO - M433-S134: KEPT - 29292 sequences (29292 clones)
2026-03-12 10:06:48,185 - malid.dataloader.base - INFO - M433-S023: KEPT - 42019 sequences (42019 clones)
2026-03-12 10:06:48,251 - malid.dataloader.base - INFO - M433-S057: KEPT - 40731 sequences (40731 clones)
2026-03-12 10:06:48,322 - malid.dataloader.base - INFO - M433-S098: KEPT - 41539 sequences (41539 clones)
2026-03-12 10:06:48,371 - malid.dataloader.base - INFO - M433-S135: KEPT - 26573 sequences (26573 clones)
2026-03-12 10:06:48,521 - malid.dataloader.base - INFO - M433-S024: KEPT - 26979 sequences (26979 clones)
2026-03-12 10:06:48,556 - malid.dataloader.base - INFO - M433-S074: KEPT - 13716 sequences (13716 clones)
2026-03-12 10:06:48,609 - malid.dataloader.base - INFO - M433-S099: KEPT - 31146 sequences (31146 clones)
2026-03-12 10:06:48,645 - malid.dataloader.base - INFO - M433-S136: KEPT - 20250 sequences (20250 clones)
2026-03-12 10:06:48,776 - malid.dataloader.base - INFO - M433-S025: KEPT - 9661 sequences (9661 clones)
2026-03-12 10:06:48,835 - malid.dataloader.base - INFO - M433-S058: KEPT - 36608 sequences (36608 clones)
2026-03-12 10:06:48,943 - malid.dataloader.base - INFO - M433-S100: KEPT - 39678 sequences (39678 clones)
2026-03-12 10:06:49,007 - malid.dataloader.base - INFO - M433-S137: KEPT - 37720 sequences (37720 clones)
2026-03-12 10:06:49,185 - malid.dataloader.base - INFO - M433-S026: KEPT - 33292 sequences (33292 clones)
2026-03-12 10:06:49,253 - malid.dataloader.base - INFO - M433-S059: KEPT - 42624 sequences (42624 clones)
2026-03-12 10:06:49,316 - malid.dataloader.base - INFO - M433-S101: KEPT - 35114 sequences (35114 clones)
2026-03-12 10:06:49,378 - malid.dataloader.base - INFO - M433-S138: KEPT - 37367 sequences (37367 clones)
2026-03-12 10:06:49,547 - malid.dataloader.base - INFO - M433-S031: KEPT - 38934 sequences (38934 clones)
2026-03-12 10:06:49,608 - malid.dataloader.base - INFO - M433-S064: KEPT - 38621 sequences (38621 clones)
2026-03-12 10:06:49,658 - malid.dataloader.base - INFO - M433-S106: KEPT - 27890 sequences (27890 clones)
2026-03-12 10:06:49,684 - malid.dataloader.base - INFO - M433-S142: KEPT - 14916 sequences (14916 clones)
2026-03-12 10:06:49,857 - malid.dataloader.base - INFO - M433-S032: KEPT - 36802 sequences (36802 clones)
2026-03-12 10:06:49,917 - malid.dataloader.base - INFO - M433-S065: KEPT - 37701 sequences (37701 clones)
2026-03-12 10:06:49,977 - malid.dataloader.base - INFO - M433-S107: KEPT - 37469 sequences (37469 clones)
2026-03-12 10:06:50,019 - malid.dataloader.base - INFO - M433-S143: KEPT - 26732 sequences (26732 clones)
2026-03-12 10:06:50,149 - malid.dataloader.base - INFO - M433-S034: KEPT - 21906 sequences (21906 clones)
2026-03-12 10:06:50,182 - malid.dataloader.base - INFO - M433-S067: KEPT - 16846 sequences (16846 clones)
2026-03-12 10:06:50,222 - malid.dataloader.base - INFO - M433-S109: KEPT - 21711 sequences (21711 clones)
2026-03-12 10:06:50,274 - malid.dataloader.base - INFO - M433-S145: KEPT - 29685 sequences (29685 clones)
2026-03-12 10:06:50,425 - malid.dataloader.base - INFO - M433-S035: KEPT - 29971 sequences (29971 clones)
2026-03-12 10:06:50,477 - malid.dataloader.base - INFO - M433-S068: KEPT - 30804 sequences (30804 clones)
2026-03-12 10:06:50,534 - malid.dataloader.base - INFO - M433-S110: KEPT - 33201 sequences (33201 clones)
2026-03-12 10:06:50,595 - malid.dataloader.base - INFO - M433-S146: KEPT - 34619 sequences (34619 clones)
2026-03-12 10:06:50,736 - malid.dataloader.base - INFO - M433-S036: KEPT - 21991 sequences (21991 clones)
2026-03-12 10:06:50,790 - malid.dataloader.base - INFO - M433-S069: KEPT - 29471 sequences (29471 clones)
2026-03-12 10:06:50,828 - malid.dataloader.base - INFO - M433-S111: KEPT - 21316 sequences (21316 clones)
2026-03-12 10:06:50,887 - malid.dataloader.base - INFO - M433-S147: KEPT - 32389 sequences (32389 clones)
2026-03-12 10:06:50,959 - malid.dataloader.base - INFO - M491-S002: KEPT - 21327 sequences (21327 clones)
2026-03-12 10:06:51,030 - malid.dataloader.base - INFO - M491-S006: KEPT - 35541 sequences (35541 clones)
2026-03-12 10:06:51,099 - malid.dataloader.base - INFO - M491-S007: KEPT - 35015 sequences (35015 clones)
2026-03-12 10:06:51,165 - malid.dataloader.base - INFO - M491-S013: KEPT - 33433 sequences (33433 clones)
2026-03-12 10:06:51,225 - malid.dataloader.base - INFO - M491-S015: KEPT - 28434 sequences (28434 clones)
2026-03-12 10:06:51,287 - malid.dataloader.base - INFO - M491-S016: KEPT - 29268 sequences (29268 clones)
2026-03-12 10:06:51,340 - malid.dataloader.base - INFO - M491-S017: KEPT - 25215 sequences (25215 clones)
2026-03-12 10:06:51,386 - malid.dataloader.base - INFO - M491-S028: KEPT - 19845 sequences (19845 clones)
2026-03-12 10:06:51,451 - malid.dataloader.base - INFO - M491-S037: KEPT - 36060 sequences (36060 clones)
2026-03-12 10:06:51,505 - malid.dataloader.base - INFO - M491-S040: KEPT - 24628 sequences (24628 clones)
2026-03-12 10:06:51,556 - malid.dataloader.base - INFO - M491-S043: KEPT - 22797 sequences (22797 clones)
2026-03-12 10:06:51,609 - malid.dataloader.base - INFO - M491-S048: KEPT - 24658 sequences (24658 clones)
2026-03-12 10:06:51,706 - malid.dataloader.base - INFO - M491-S049: KEPT - 37744 sequences (37744 clones)
2026-03-12 10:06:51,745 - malid.dataloader.base - INFO - M491-S127: KEPT - 18471 sequences (18471 clones)
2026-03-12 10:06:51,821 - malid.dataloader.base - INFO - M491-S050: KEPT - 16895 sequences (16895 clones)
2026-03-12 10:06:51,872 - malid.dataloader.base - INFO - M491-S051: KEPT - 25570 sequences (25570 clones)
2026-03-12 10:06:51,926 - malid.dataloader.base - INFO - M491-S052: KEPT - 25977 sequences (25977 clones)
2026-03-12 10:06:51,987 - malid.dataloader.base - INFO - M491-S053: KEPT - 27830 sequences (27830 clones)
2026-03-12 10:06:52,043 - malid.dataloader.base - INFO - M491-S057: KEPT - 26777 sequences (26777 clones)
2026-03-12 10:06:52,105 - malid.dataloader.base - INFO - M491-S064: KEPT - 30501 sequences (30501 clones)
2026-03-12 10:06:52,167 - malid.dataloader.base - INFO - M491-S065: KEPT - 28388 sequences (28388 clones)
2026-03-12 10:06:52,220 - malid.dataloader.base - INFO - M491-S067: KEPT - 23244 sequences (23244 clones)
2026-03-12 10:06:52,282 - malid.dataloader.base - INFO - M491-S068: KEPT - 23774 sequences (23774 clones)
2026-03-12 10:06:52,332 - malid.dataloader.base - INFO - M491-S070: KEPT - 21963 sequences (21963 clones)
2026-03-12 10:06:52,458 - malid.dataloader.base - INFO - M491-S071: KEPT - 28554 sequences (28554 clones)
2026-03-12 10:06:52,557 - malid.dataloader.base - INFO - M491-S072: KEPT - 29644 sequences (29644 clones)
2026-03-12 10:06:52,644 - malid.dataloader.base - INFO - M491-S074: KEPT - 27818 sequences (27818 clones)
2026-03-12 10:06:53,385 - malid.dataloader.base - INFO - M491-S077: KEPT - 25119 sequences (25119 clones)
2026-03-12 10:06:53,494 - malid.dataloader.base - INFO - M491-S078: KEPT - 33442 sequences (33442 clones)
2026-03-12 10:06:53,590 - malid.dataloader.base - INFO - M491-S079: KEPT - 29250 sequences (29250 clones)
2026-03-12 10:06:53,665 - malid.dataloader.base - INFO - M491-S083: KEPT - 24216 sequences (24216 clones)
2026-03-12 10:06:53,753 - malid.dataloader.base - INFO - M491-S086: KEPT - 23629 sequences (23629 clones)
2026-03-12 10:06:53,844 - malid.dataloader.base - INFO - M491-S087: KEPT - 29050 sequences (29050 clones)
2026-03-12 10:06:53,897 - malid.dataloader.base - INFO - M491-S090: KEPT - 24182 sequences (24182 clones)
2026-03-12 10:06:53,999 - malid.dataloader.base - INFO - M491-S091: KEPT - 30095 sequences (30095 clones)
2026-03-12 10:06:54,080 - malid.dataloader.base - INFO - M491-S093: KEPT - 22902 sequences (22902 clones)
2026-03-12 10:06:54,167 - malid.dataloader.base - INFO - M491-S097: KEPT - 21412 sequences (21412 clones)
2026-03-12 10:06:54,270 - malid.dataloader.base - INFO - M491-S098: KEPT - 25907 sequences (25907 clones)
2026-03-12 10:06:54,390 - malid.dataloader.base - INFO - M491-S099: KEPT - 28220 sequences (28220 clones)
2026-03-12 10:06:54,508 - malid.dataloader.base - INFO - M491-S102: KEPT - 29015 sequences (29015 clones)
2026-03-12 10:06:54,606 - malid.dataloader.base - INFO - M491-S105: KEPT - 29378 sequences (29378 clones)
2026-03-12 10:06:54,695 - malid.dataloader.base - INFO - M491-S106: KEPT - 24593 sequences (24593 clones)
2026-03-12 10:06:54,760 - malid.dataloader.base - INFO - M491-S107: KEPT - 16732 sequences (16732 clones)
2026-03-12 10:06:54,839 - malid.dataloader.base - INFO - M491-S109: KEPT - 36661 sequences (36661 clones)
2026-03-12 10:06:54,900 - malid.dataloader.base - INFO - M491-S111: KEPT - 23508 sequences (23508 clones)
2026-03-12 10:06:54,987 - malid.dataloader.base - INFO - M491-S112: KEPT - 33865 sequences (33865 clones)
2026-03-12 10:06:55,078 - malid.dataloader.base - INFO - M491-S116: KEPT - 32670 sequences (32670 clones)
2026-03-12 10:06:55,160 - malid.dataloader.base - INFO - M491-S117: KEPT - 28003 sequences (28003 clones)
2026-03-12 10:06:55,225 - malid.dataloader.base - INFO - M491-S118: KEPT - 24770 sequences (24770 clones)
2026-03-12 10:06:55,289 - malid.dataloader.base - INFO - M491-S120: KEPT - 24113 sequences (24113 clones)
2026-03-12 10:06:55,385 - malid.dataloader.base - INFO - M491-S124: KEPT - 33970 sequences (33970 clones)
2026-03-12 10:06:55,447 - malid.dataloader.base - INFO - M491-S125: KEPT - 23987 sequences (23987 clones)
2026-03-12 10:06:55,505 - malid.dataloader.base - INFO - M491-S126: KEPT - 22758 sequences (22758 clones)
2026-03-12 10:06:55,614 - malid.dataloader.base - INFO - M491-S134: KEPT - 19791 sequences (19791 clones)
2026-03-12 10:06:55,696 - malid.dataloader.base - INFO - M491-S136: KEPT - 28453 sequences (28453 clones)
2026-03-12 10:06:55,760 - malid.dataloader.base - INFO - M491-S138: KEPT - 24471 sequences (24471 clones)
2026-03-12 10:06:55,827 - malid.dataloader.base - INFO - M491-S145: KEPT - 24653 sequences (24653 clones)
2026-03-12 10:06:55,868 - malid.dataloader.base - INFO - M491-S146: KEPT - 14444 sequences (14444 clones)
2026-03-12 10:06:55,921 - malid.dataloader.base - INFO - M491-S148: KEPT - 17122 sequences (17122 clones)
2026-03-12 10:06:55,985 - malid.dataloader.base - INFO - M491-S149: KEPT - 24660 sequences (24660 clones)
2026-03-12 10:06:56,026 - malid.dataloader.base - INFO - M491-S153: KEPT - 12920 sequences (12920 clones)
2026-03-12 10:06:56,064 - malid.dataloader.base - INFO - M491-S160: KEPT - 6755 sequences (6755 clones)
2026-03-12 10:07:04,147 - __main__ - INFO -   Loaded: 364 specimens, 16,782,879 sequences
2026-03-12 10:07:04,148 - __main__ - INFO - Filtering rare V genes...
2026-03-12 10:07:04,345 - __main__ - INFO - V gene filtering: keeping 28/56 V genes (removed 28 with freq < 0.0096)
2026-03-12 10:07:04,345 - __main__ - INFO -   Removed: ['TRBV5-8', 'TRBV4-1', 'TRBV27', 'TRBV15', 'TRBV12-5', 'TRBV4-3', 'TRBV3-1', 'TRBV7-7', 'TRBV4-2', 'TRBV11-1']...
2026-03-12 10:07:49,223 - __main__ - INFO -   After filtering: 15,804,426 sequences (94.2%)
2026-03-12 10:07:49,231 - __main__ - INFO - Extracting training features...
2026-03-12 10:07:49,231 - malid.models.model1_repertoire - INFO - Extracting features from 15804426 sequences
2026-03-12 10:07:56,546 - malid.models.model1_repertoire - INFO - Extracted features: 364 specimens × 364 features
2026-03-12 10:07:57,131 - __main__ - INFO -   Features: 364 specimens × 364 features
2026-03-12 10:07:57,132 - __main__ - INFO -   Classes: 6 (['Healthy/Background', 'HIV', 'Lupus', 'Covid19', 'Influenza', 'T1D'])
2026-03-12 10:07:57,132 - __main__ - INFO - Training lasso_cv...
2026-03-12 10:07:57,132 - malid.models.model1_repertoire - INFO - Training RepertoireClassifier
2026-03-12 10:07:57,132 - malid.models.model1_repertoire - INFO -   Training samples: 364
2026-03-12 10:07:57,132 - malid.models.model1_repertoire - INFO -   Features: 364
2026-03-12 10:07:57,132 - malid.models.model1_repertoire - INFO -   Classes: ['Healthy/Background', 'HIV', 'Lupus', 'Covid19', 'Influenza', 'T1D']
2026-03-12 10:07:58,109 - malid.models.model1_repertoire - INFO - Model fitted successfully
2026-03-12 10:07:58,110 - malid.models.model1_repertoire - INFO -   Classes: ['Covid19' 'HIV' 'Healthy/Background' 'Influenza' 'Lupus' 'T1D']
2026-03-12 10:07:58,110 - __main__ - INFO -   Training completed in 8 seconds
2026-03-12 10:07:58,110 - __main__ - INFO - Loading test data (fold 1)...
2026-03-12 10:07:58,114 - malid.dataloader.base - INFO - Loading fold 1 test: 186 specimens
2026-03-12 10:07:58,667 - malid.dataloader.base - INFO - M124-S014: KEPT - 69601 sequences (69601 clones)
2026-03-12 10:07:58,915 - malid.dataloader.base - INFO - M124-S012: KEPT - 54261 sequences (54261 clones)
2026-03-12 10:07:59,086 - malid.dataloader.base - INFO - M124-S035: KEPT - 44068 sequences (44068 clones)
2026-03-12 10:07:59,239 - malid.dataloader.base - INFO - M124-S039: KEPT - 43216 sequences (43216 clones)
2026-03-12 10:07:59,465 - malid.dataloader.base - INFO - M64-009: KEPT - 27020 sequences (27020 clones)
2026-03-12 10:08:00,020 - malid.dataloader.base - INFO - M64-012: KEPT - 68731 sequences (68206 clones)
2026-03-12 10:08:00,270 - malid.dataloader.base - INFO - M64-016: KEPT - 43941 sequences (43941 clones)
2026-03-12 10:08:00,513 - malid.dataloader.base - INFO - M64-018: KEPT - 55926 sequences (55926 clones)
2026-03-12 10:08:00,774 - malid.dataloader.base - INFO - M64-027: KEPT - 60524 sequences (60524 clones)
2026-03-12 10:08:01,182 - malid.dataloader.base - INFO - M64-028: KEPT - 70643 sequences (70643 clones)
2026-03-12 10:08:01,729 - malid.dataloader.base - INFO - M64-031: KEPT - 58925 sequences (58925 clones)
2026-03-12 10:08:01,951 - malid.dataloader.base - INFO - M64-033: KEPT - 42225 sequences (42135 clones)
2026-03-12 10:08:02,131 - malid.dataloader.base - INFO - M64-037: KEPT - 30671 sequences (30030 clones)
2026-03-12 10:08:02,901 - malid.dataloader.base - INFO - M64-038: KEPT - 113403 sequences (110576 clones)
2026-03-12 10:08:03,113 - malid.dataloader.base - INFO - M64-049: KEPT - 41618 sequences (41580 clones)
2026-03-12 10:08:03,581 - malid.dataloader.base - INFO - M64-051: KEPT - 76668 sequences (75436 clones)
2026-03-12 10:08:03,854 - malid.dataloader.base - INFO - M64-052: KEPT - 63755 sequences (63249 clones)
2026-03-12 10:08:04,244 - malid.dataloader.base - INFO - M64-055: KEPT - 62092 sequences (59905 clones)
2026-03-12 10:08:04,494 - malid.dataloader.base - INFO - M64-059: KEPT - 10284 sequences (10284 clones)
2026-03-12 10:08:05,741 - malid.dataloader.base - INFO - M64-061: KEPT - 62178 sequences (59099 clones)
2026-03-12 10:08:06,004 - malid.dataloader.base - INFO - M64-064: KEPT - 43717 sequences (43013 clones)
2026-03-12 10:08:06,584 - malid.dataloader.base - INFO - M64-069: KEPT - 98333 sequences (92942 clones)
2026-03-12 10:08:06,972 - malid.dataloader.base - INFO - M64-073: KEPT - 82536 sequences (81811 clones)
2026-03-12 10:08:07,269 - malid.dataloader.base - INFO - M64-075: KEPT - 19739 sequences (19736 clones)
2026-03-12 10:08:07,541 - malid.dataloader.base - INFO - M64-076: KEPT - 53054 sequences (53054 clones)
2026-03-12 10:08:08,744 - malid.dataloader.base - INFO - M64-080: KEPT - 154445 sequences (146818 clones)
2026-03-12 10:08:09,621 - malid.dataloader.base - INFO - M64-087: KEPT - 125703 sequences (117290 clones)
2026-03-12 10:08:10,028 - malid.dataloader.base - INFO - M64-091: KEPT - 98386 sequences (93952 clones)
2026-03-12 10:08:10,290 - malid.dataloader.base - INFO - M64-092: KEPT - 52142 sequences (52142 clones)
2026-03-12 10:08:10,670 - malid.dataloader.base - INFO - M64-096: KEPT - 20605 sequences (20605 clones)
2026-03-12 10:08:11,456 - malid.dataloader.base - INFO - M64-097: KEPT - 92427 sequences (84193 clones)
2026-03-12 10:08:11,646 - malid.dataloader.base - INFO - M64-098: KEPT - 67219 sequences (67219 clones)
2026-03-12 10:08:11,805 - malid.dataloader.base - INFO - M64-104: KEPT - 46788 sequences (46788 clones)
2026-03-12 10:08:12,457 - malid.dataloader.base - INFO - M64-105: KEPT - 121574 sequences (121574 clones)
2026-03-12 10:08:12,736 - malid.dataloader.base - INFO - M64-106: KEPT - 70910 sequences (70910 clones)
2026-03-12 10:08:12,960 - malid.dataloader.base - INFO - M64-110: KEPT - 69404 sequences (69404 clones)
2026-03-12 10:08:13,591 - malid.dataloader.base - INFO - M64-113: KEPT - 94233 sequences (94233 clones)
2026-03-12 10:08:13,774 - malid.dataloader.base - INFO - M124-S007: KEPT - 50832 sequences (50832 clones)
2026-03-12 10:08:13,930 - malid.dataloader.base - INFO - M124-S008: KEPT - 44294 sequences (44294 clones)
2026-03-12 10:08:14,113 - malid.dataloader.base - INFO - M124-S010: KEPT - 63406 sequences (63406 clones)
2026-03-12 10:08:14,311 - malid.dataloader.base - INFO - M124-S011: KEPT - 57876 sequences (57876 clones)
2026-03-12 10:08:14,608 - malid.dataloader.base - INFO - M124-S015: KEPT - 64679 sequences (64679 clones)
2026-03-12 10:08:14,813 - malid.dataloader.base - INFO - M124-S019: KEPT - 66698 sequences (66698 clones)
2026-03-12 10:08:15,070 - malid.dataloader.base - INFO - M124-S020: KEPT - 81807 sequences (81807 clones)
2026-03-12 10:08:15,482 - malid.dataloader.base - INFO - M124-S021: KEPT - 92319 sequences (92319 clones)
2026-03-12 10:08:15,526 - malid.dataloader.base - INFO - M124-S025: KEPT - 3933 sequences (3933 clones)
2026-03-12 10:08:15,630 - malid.dataloader.base - INFO - M124-S028: KEPT - 51849 sequences (51849 clones)
2026-03-12 10:08:15,711 - malid.dataloader.base - INFO - M124-S029: KEPT - 34934 sequences (34934 clones)
2026-03-12 10:08:15,846 - malid.dataloader.base - INFO - M124-S034: KEPT - 53299 sequences (53299 clones)
2026-03-12 10:08:15,909 - malid.dataloader.base - INFO - M454-S029: KEPT - 11219 sequences (11219 clones)
2026-03-12 10:08:16,934 - malid.dataloader.base - INFO - M464-S005: KEPT - 110877 sequences (110877 clones)
2026-03-12 10:08:17,303 - malid.dataloader.base - INFO - M464-S008: KEPT - 94394 sequences (94394 clones)
2026-03-12 10:08:17,447 - malid.dataloader.base - INFO - M464-S012: KEPT - 36344 sequences (36344 clones)
2026-03-12 10:08:18,382 - malid.dataloader.base - INFO - M464-S019: KEPT - 155835 sequences (155835 clones)
2026-03-12 10:08:18,557 - malid.dataloader.base - INFO - M464-S020: KEPT - 54816 sequences (54816 clones)
2026-03-12 10:08:18,722 - malid.dataloader.base - INFO - M464-S021: KEPT - 52848 sequences (52848 clones)
2026-03-12 10:08:19,229 - malid.dataloader.base - INFO - M464-S022: KEPT - 109498 sequences (109498 clones)
2026-03-12 10:08:19,491 - malid.dataloader.base - INFO - M464-S025: KEPT - 72522 sequences (72522 clones)
2026-03-12 10:08:19,728 - malid.dataloader.base - INFO - M464-S026: KEPT - 74872 sequences (74872 clones)
2026-03-12 10:08:20,060 - malid.dataloader.base - INFO - M464-S029: KEPT - 90837 sequences (90837 clones)
2026-03-12 10:08:20,530 - malid.dataloader.base - INFO - M464-S036: KEPT - 111176 sequences (111176 clones)
2026-03-12 10:08:21,209 - malid.dataloader.base - INFO - M464-S037: KEPT - 139927 sequences (139927 clones)
2026-03-12 10:08:21,543 - malid.dataloader.base - INFO - M464-S039: KEPT - 97316 sequences (97316 clones)
2026-03-12 10:08:22,467 - malid.dataloader.base - INFO - M464-S044: KEPT - 107181 sequences (107181 clones)
2026-03-12 10:08:22,616 - malid.dataloader.base - INFO - M464-S045: KEPT - 40299 sequences (40299 clones)
2026-03-12 10:08:22,709 - malid.dataloader.base - INFO - M491-S035: KEPT - 22192 sequences (22192 clones)
2026-03-12 10:08:23,268 - malid.dataloader.base - INFO - M111-S055: KEPT - 58857 sequences (58857 clones)
2026-03-12 10:08:23,387 - malid.dataloader.base - INFO - M124-S070: KEPT - 41765 sequences (41765 clones)
2026-03-12 10:08:23,516 - malid.dataloader.base - INFO - M111-S042: KEPT - 18314 sequences (18314 clones)
2026-03-12 10:08:23,587 - malid.dataloader.base - INFO - M111-S018: KEPT - 27584 sequences (27584 clones)
2026-03-12 10:08:23,683 - malid.dataloader.base - INFO - M111-S034: KEPT - 28723 sequences (28723 clones)
2026-03-12 10:08:23,770 - malid.dataloader.base - INFO - M111-S026: KEPT - 29350 sequences (29350 clones)
2026-03-12 10:08:23,872 - malid.dataloader.base - INFO - M111-S004: KEPT - 45222 sequences (45222 clones)
2026-03-12 10:08:23,949 - malid.dataloader.base - INFO - M111-S001: KEPT - 30148 sequences (30148 clones)
2026-03-12 10:08:24,046 - malid.dataloader.base - INFO - M111-S005: KEPT - 42009 sequences (42009 clones)
2026-03-12 10:08:24,119 - malid.dataloader.base - INFO - M111-S024: KEPT - 28666 sequences (28666 clones)
2026-03-12 10:08:24,215 - malid.dataloader.base - INFO - M111-S045: KEPT - 31223 sequences (31223 clones)
2026-03-12 10:08:24,454 - malid.dataloader.base - INFO - M111-S046: KEPT - 50791 sequences (50791 clones)
2026-03-12 10:08:24,585 - malid.dataloader.base - INFO - M111-S047: KEPT - 46621 sequences (46621 clones)
2026-03-12 10:08:24,709 - malid.dataloader.base - INFO - M111-S017: KEPT - 30927 sequences (30927 clones)
2026-03-12 10:08:25,063 - malid.dataloader.base - INFO - M111-S015: KEPT - 61132 sequences (61132 clones)
2026-03-12 10:08:25,243 - malid.dataloader.base - INFO - M111-S010: KEPT - 46910 sequences (46910 clones)
2026-03-12 10:08:25,658 - malid.dataloader.base - INFO - M111-S002: KEPT - 64618 sequences (64618 clones)
2026-03-12 10:08:25,912 - malid.dataloader.base - INFO - M111-S051: KEPT - 56766 sequences (56766 clones)
2026-03-12 10:08:25,981 - malid.dataloader.base - INFO - M124-S045: KEPT - 25562 sequences (25562 clones)
2026-03-12 10:08:26,079 - malid.dataloader.base - INFO - M124-S047: KEPT - 35814 sequences (35814 clones)
2026-03-12 10:08:26,422 - malid.dataloader.base - INFO - M124-S052: KEPT - 50714 sequences (50714 clones)
2026-03-12 10:08:26,539 - malid.dataloader.base - INFO - M124-S056: KEPT - 35728 sequences (35728 clones)
2026-03-12 10:08:26,585 - malid.dataloader.base - INFO - M124-S061: KEPT - 9202 sequences (9202 clones)
2026-03-12 10:08:26,870 - malid.dataloader.base - INFO - M124-S062: KEPT - 40087 sequences (40087 clones)
2026-03-12 10:08:26,984 - malid.dataloader.base - INFO - M124-S063: KEPT - 35154 sequences (35154 clones)
2026-03-12 10:08:27,073 - malid.dataloader.base - INFO - M124-S069: KEPT - 22377 sequences (22377 clones)
2026-03-12 10:08:27,337 - malid.dataloader.base - INFO - M124-S071: KEPT - 33337 sequences (33337 clones)
2026-03-12 10:08:27,592 - malid.dataloader.base - INFO - M124-S074: KEPT - 39136 sequences (39136 clones)
2026-03-12 10:08:27,790 - malid.dataloader.base - INFO - M124-S075: KEPT - 40034 sequences (40034 clones)
2026-03-12 10:08:28,067 - malid.dataloader.base - INFO - M124-S077: KEPT - 42088 sequences (42088 clones)
2026-03-12 10:08:28,139 - malid.dataloader.base - INFO - M124-S078: KEPT - 28127 sequences (28127 clones)
2026-03-12 10:08:28,796 - malid.dataloader.base - INFO - M124-S064: KEPT - 28670 sequences (28670 clones)
2026-03-12 10:08:28,988 - malid.dataloader.base - INFO - M124-S085: KEPT - 35369 sequences (35369 clones)
2026-03-12 10:08:29,474 - malid.dataloader.base - INFO - M447-S032: KEPT - 77555 sequences (77555 clones)
2026-03-12 10:08:29,794 - malid.dataloader.base - INFO - M447-S037: KEPT - 63064 sequences (63064 clones)
2026-03-12 10:08:29,931 - malid.dataloader.base - INFO - M447-S040: KEPT - 40485 sequences (40485 clones)
2026-03-12 10:08:30,055 - malid.dataloader.base - INFO - M447-S041: KEPT - 24260 sequences (24260 clones)
2026-03-12 10:08:30,110 - malid.dataloader.base - INFO - M447-S042: KEPT - 7935 sequences (7935 clones)
2026-03-12 10:08:30,460 - malid.dataloader.base - INFO - M447-S007: KEPT - 53443 sequences (53443 clones)
2026-03-12 10:08:30,711 - malid.dataloader.base - INFO - M447-S010: KEPT - 48812 sequences (48812 clones)
2026-03-12 10:08:31,213 - malid.dataloader.base - INFO - M447-S012: KEPT - 65284 sequences (65284 clones)
2026-03-12 10:08:31,524 - malid.dataloader.base - INFO - M447-S014: KEPT - 73426 sequences (73426 clones)
2026-03-12 10:08:31,846 - malid.dataloader.base - INFO - M447-S015: KEPT - 65181 sequences (65181 clones)
2026-03-12 10:08:32,053 - malid.dataloader.base - INFO - M447-S017: KEPT - 57434 sequences (57434 clones)
2026-03-12 10:08:32,225 - malid.dataloader.base - INFO - M447-S018: KEPT - 54007 sequences (54007 clones)
2026-03-12 10:08:32,633 - malid.dataloader.base - INFO - M447-S019: KEPT - 70718 sequences (70718 clones)
2026-03-12 10:08:32,891 - malid.dataloader.base - INFO - M447-S022: KEPT - 65478 sequences (65478 clones)
2026-03-12 10:08:32,983 - malid.dataloader.base - INFO - M454-S019: KEPT - 9245 sequences (9245 clones)
2026-03-12 10:08:33,196 - malid.dataloader.base - INFO - M454-S033: KEPT - 54829 sequences (54829 clones)
2026-03-12 10:08:33,780 - malid.dataloader.base - INFO - M454-S046: KEPT - 25030 sequences (25030 clones)
2026-03-12 10:08:34,090 - malid.dataloader.base - INFO - M454-S059: KEPT - 39526 sequences (39526 clones)
2026-03-12 10:08:34,185 - malid.dataloader.base - INFO - M454-S052: KEPT - 17153 sequences (17153 clones)
2026-03-12 10:08:34,322 - malid.dataloader.base - INFO - M454-S058: KEPT - 52965 sequences (52965 clones)
2026-03-12 10:08:34,411 - malid.dataloader.base - INFO - M454-S017: KEPT - 23377 sequences (23377 clones)
2026-03-12 10:08:36,279 - malid.dataloader.base - INFO - M456-S009: KEPT - 123198 sequences (123198 clones)
2026-03-12 10:08:36,504 - malid.dataloader.base - INFO - M371-S011: KEPT - 15396 sequences (15396 clones)
2026-03-12 10:08:36,576 - malid.dataloader.base - INFO - M371-S026: KEPT - 12641 sequences (12641 clones)
2026-03-12 10:08:36,612 - malid.dataloader.base - INFO - M371-S027: KEPT - 2833 sequences (2833 clones)
2026-03-12 10:08:36,677 - malid.dataloader.base - INFO - M418-S198: KEPT - 13948 sequences (13948 clones)
2026-03-12 10:08:36,733 - malid.dataloader.base - INFO - M418-S230: KEPT - 5036 sequences (5036 clones)
2026-03-12 10:08:36,759 - malid.dataloader.base - INFO - M418-S231: KEPT - 6749 sequences (6749 clones)
2026-03-12 10:08:36,792 - malid.dataloader.base - INFO - M418-S232: KEPT - 10301 sequences (10301 clones)
2026-03-12 10:08:36,846 - malid.dataloader.base - INFO - M418-S144: KEPT - 13321 sequences (13321 clones)
2026-03-12 10:08:36,914 - malid.dataloader.base - INFO - M418-S148: KEPT - 13614 sequences (13614 clones)
2026-03-12 10:08:36,945 - malid.dataloader.base - INFO - M418-S149: KEPT - 11898 sequences (11898 clones)
2026-03-12 10:08:36,977 - malid.dataloader.base - INFO - M418-S150: KEPT - 15050 sequences (15050 clones)
2026-03-12 10:08:37,032 - malid.dataloader.base - INFO - M418-S169: KEPT - 13674 sequences (13674 clones)
2026-03-12 10:08:37,067 - malid.dataloader.base - INFO - M418-S180: KEPT - 6710 sequences (6710 clones)
2026-03-12 10:08:37,108 - malid.dataloader.base - INFO - M418-S184: KEPT - 11376 sequences (11376 clones)
2026-03-12 10:08:37,158 - malid.dataloader.base - INFO - M418-S192: KEPT - 21944 sequences (21944 clones)
2026-03-12 10:08:37,214 - malid.dataloader.base - INFO - M418-S001: KEPT - 10641 sequences (10641 clones)
2026-03-12 10:08:37,244 - malid.dataloader.base - INFO - M418-S002: KEPT - 13360 sequences (13360 clones)
2026-03-12 10:08:37,303 - malid.dataloader.base - INFO - M418-S014: KEPT - 22610 sequences (22610 clones)
2026-03-12 10:08:37,361 - malid.dataloader.base - INFO - M418-S016: KEPT - 26070 sequences (26070 clones)
2026-03-12 10:08:37,396 - malid.dataloader.base - INFO - M418-S021: KEPT - 10349 sequences (10349 clones)
2026-03-12 10:08:37,441 - malid.dataloader.base - INFO - M418-S024: KEPT - 17006 sequences (17006 clones)
2026-03-12 10:08:37,470 - malid.dataloader.base - INFO - M418-S032: KEPT - 4575 sequences (4575 clones)
2026-03-12 10:08:37,513 - malid.dataloader.base - INFO - M418-S035: KEPT - 15461 sequences (15461 clones)
2026-03-12 10:08:37,582 - malid.dataloader.base - INFO - M418-S038: KEPT - 17152 sequences (17152 clones)
2026-03-12 10:08:37,623 - malid.dataloader.base - INFO - M418-S039: KEPT - 20601 sequences (20601 clones)
2026-03-12 10:08:37,692 - malid.dataloader.base - INFO - M418-S044: KEPT - 19827 sequences (19827 clones)
2026-03-12 10:08:37,741 - malid.dataloader.base - INFO - M418-S047: KEPT - 20934 sequences (20934 clones)
2026-03-12 10:08:37,784 - malid.dataloader.base - INFO - M418-S054: KEPT - 13812 sequences (13812 clones)
2026-03-12 10:08:38,347 - malid.dataloader.base - INFO - M433-S002: KEPT - 40532 sequences (40532 clones)
2026-03-12 10:08:38,483 - malid.dataloader.base - INFO - M433-S039: KEPT - 31867 sequences (31867 clones)
2026-03-12 10:08:38,672 - malid.dataloader.base - INFO - M433-S077: KEPT - 41722 sequences (41722 clones)
2026-03-12 10:08:38,792 - malid.dataloader.base - INFO - M433-S114: KEPT - 33451 sequences (33451 clones)
2026-03-12 10:08:39,124 - malid.dataloader.base - INFO - M433-S005: KEPT - 43096 sequences (43096 clones)
2026-03-12 10:08:39,189 - malid.dataloader.base - INFO - M433-S042: KEPT - 31106 sequences (31106 clones)
2026-03-12 10:08:39,307 - malid.dataloader.base - INFO - M433-S080: KEPT - 37108 sequences (37108 clones)
2026-03-12 10:08:39,460 - malid.dataloader.base - INFO - M433-S117: KEPT - 36143 sequences (36143 clones)
2026-03-12 10:08:39,692 - malid.dataloader.base - INFO - M433-S007: KEPT - 45716 sequences (45716 clones)
2026-03-12 10:08:39,755 - malid.dataloader.base - INFO - M433-S044: KEPT - 38082 sequences (38082 clones)
2026-03-12 10:08:39,880 - malid.dataloader.base - INFO - M433-S082: KEPT - 44160 sequences (44160 clones)
2026-03-12 10:08:39,982 - malid.dataloader.base - INFO - M433-S119: KEPT - 43735 sequences (43735 clones)
2026-03-12 10:08:40,219 - malid.dataloader.base - INFO - M433-S008: KEPT - 39055 sequences (39055 clones)
2026-03-12 10:08:40,292 - malid.dataloader.base - INFO - M433-S045: KEPT - 40741 sequences (40741 clones)
2026-03-12 10:08:40,371 - malid.dataloader.base - INFO - M433-S083: KEPT - 38706 sequences (38706 clones)
2026-03-12 10:08:40,435 - malid.dataloader.base - INFO - M433-S120: KEPT - 36950 sequences (36950 clones)
2026-03-12 10:08:40,645 - malid.dataloader.base - INFO - M433-S016: KEPT - 33384 sequences (33384 clones)
2026-03-12 10:08:40,685 - malid.dataloader.base - INFO - M433-S052: KEPT - 22923 sequences (22923 clones)
2026-03-12 10:08:40,739 - malid.dataloader.base - INFO - M433-S091: KEPT - 30913 sequences (30913 clones)
2026-03-12 10:08:40,798 - malid.dataloader.base - INFO - M433-S128: KEPT - 32777 sequences (32777 clones)
2026-03-12 10:08:40,966 - malid.dataloader.base - INFO - M433-S018: KEPT - 29985 sequences (29985 clones)
2026-03-12 10:08:41,033 - malid.dataloader.base - INFO - M433-S054: KEPT - 38841 sequences (38841 clones)
2026-03-12 10:08:41,088 - malid.dataloader.base - INFO - M433-S093: KEPT - 31521 sequences (31521 clones)
2026-03-12 10:08:41,134 - malid.dataloader.base - INFO - M433-S130: KEPT - 24685 sequences (24685 clones)
2026-03-12 10:08:41,325 - malid.dataloader.base - INFO - M433-S027: KEPT - 36801 sequences (36801 clones)
2026-03-12 10:08:41,382 - malid.dataloader.base - INFO - M433-S060: KEPT - 34868 sequences (34868 clones)
2026-03-12 10:08:41,525 - malid.dataloader.base - INFO - M433-S102: KEPT - 39847 sequences (39847 clones)
2026-03-12 10:08:41,607 - malid.dataloader.base - INFO - M433-S139: KEPT - 36599 sequences (36599 clones)
2026-03-12 10:08:41,796 - malid.dataloader.base - INFO - M433-S028: KEPT - 36655 sequences (36655 clones)
2026-03-12 10:08:41,860 - malid.dataloader.base - INFO - M433-S061: KEPT - 39657 sequences (39657 clones)
2026-03-12 10:08:41,938 - malid.dataloader.base - INFO - M433-S103: KEPT - 36081 sequences (36081 clones)
2026-03-12 10:08:42,065 - malid.dataloader.base - INFO - M433-S140: KEPT - 30322 sequences (30322 clones)
2026-03-12 10:08:42,231 - malid.dataloader.base - INFO - M433-S029: KEPT - 38034 sequences (38034 clones)
2026-03-12 10:08:42,288 - malid.dataloader.base - INFO - M433-S062: KEPT - 34904 sequences (34904 clones)
2026-03-12 10:08:42,355 - malid.dataloader.base - INFO - M433-S104: KEPT - 38376 sequences (38376 clones)
2026-03-12 10:08:42,546 - malid.dataloader.base - INFO - M433-S030: KEPT - 38075 sequences (38075 clones)
2026-03-12 10:08:42,608 - malid.dataloader.base - INFO - M433-S063: KEPT - 37157 sequences (37157 clones)
2026-03-12 10:08:42,676 - malid.dataloader.base - INFO - M433-S105: KEPT - 36595 sequences (36595 clones)
2026-03-12 10:08:42,835 - malid.dataloader.base - INFO - M433-S141: KEPT - 37311 sequences (37311 clones)
2026-03-12 10:08:43,044 - malid.dataloader.base - INFO - M433-S033: KEPT - 36884 sequences (36884 clones)
2026-03-12 10:08:43,300 - malid.dataloader.base - INFO - M433-S066: KEPT - 41916 sequences (41916 clones)
2026-03-12 10:08:43,473 - malid.dataloader.base - INFO - M433-S108: KEPT - 41192 sequences (41192 clones)
2026-03-12 10:08:43,630 - malid.dataloader.base - INFO - M433-S144: KEPT - 37610 sequences (37610 clones)
2026-03-12 10:08:43,781 - malid.dataloader.base - INFO - M433-S037: KEPT - 27072 sequences (27072 clones)
2026-03-12 10:08:43,830 - malid.dataloader.base - INFO - M433-S070: KEPT - 27211 sequences (27211 clones)
2026-03-12 10:08:43,876 - malid.dataloader.base - INFO - M433-S112: KEPT - 22553 sequences (22553 clones)
2026-03-12 10:08:43,913 - malid.dataloader.base - INFO - M433-S148: KEPT - 18572 sequences (18572 clones)
2026-03-12 10:08:44,002 - malid.dataloader.base - INFO - M491-S009: KEPT - 28795 sequences (28795 clones)
2026-03-12 10:08:44,074 - malid.dataloader.base - INFO - M491-S018: KEPT - 36024 sequences (36024 clones)
2026-03-12 10:08:44,132 - malid.dataloader.base - INFO - M491-S019: KEPT - 26116 sequences (26116 clones)
2026-03-12 10:08:44,201 - malid.dataloader.base - INFO - M491-S020: KEPT - 23768 sequences (23768 clones)
2026-03-12 10:08:44,210 - malid.dataloader.base - INFO - M491-S166: KEPT - 1666 sequences (1666 clones)
2026-03-12 10:08:44,289 - malid.dataloader.base - INFO - M491-S023: KEPT - 32158 sequences (32158 clones)
2026-03-12 10:08:44,352 - malid.dataloader.base - INFO - M491-S026: KEPT - 31304 sequences (31304 clones)
2026-03-12 10:08:44,409 - malid.dataloader.base - INFO - M491-S029: KEPT - 28246 sequences (28246 clones)
2026-03-12 10:08:44,469 - malid.dataloader.base - INFO - M491-S032: KEPT - 31339 sequences (31339 clones)
2026-03-12 10:08:44,518 - malid.dataloader.base - INFO - M491-S036: KEPT - 19574 sequences (19574 clones)
2026-03-12 10:08:44,579 - malid.dataloader.base - INFO - M491-S039: KEPT - 30219 sequences (30219 clones)
2026-03-12 10:08:44,640 - malid.dataloader.base - INFO - M491-S041: KEPT - 26813 sequences (26813 clones)
2026-03-12 10:08:44,701 - malid.dataloader.base - INFO - M491-S045: KEPT - 27308 sequences (27308 clones)
2026-03-12 10:08:44,767 - malid.dataloader.base - INFO - M491-S046: KEPT - 33808 sequences (33808 clones)
2026-03-12 10:08:44,837 - malid.dataloader.base - INFO - M491-S047: KEPT - 35210 sequences (35210 clones)
2026-03-12 10:08:44,894 - malid.dataloader.base - INFO - M491-S054: KEPT - 19611 sequences (19611 clones)
2026-03-12 10:08:44,965 - malid.dataloader.base - INFO - M491-S066: KEPT - 34041 sequences (34041 clones)
2026-03-12 10:08:45,016 - malid.dataloader.base - INFO - M491-S075: KEPT - 22039 sequences (22039 clones)
2026-03-12 10:08:45,109 - malid.dataloader.base - INFO - M491-S080: KEPT - 23579 sequences (23579 clones)
2026-03-12 10:08:45,515 - malid.dataloader.base - INFO - M491-S085: KEPT - 20954 sequences (20954 clones)
2026-03-12 10:08:45,634 - malid.dataloader.base - INFO - M491-S101: KEPT - 22837 sequences (22837 clones)
2026-03-12 10:08:45,741 - malid.dataloader.base - INFO - M491-S089: KEPT - 27644 sequences (27644 clones)
2026-03-12 10:08:45,803 - malid.dataloader.base - INFO - M491-S096: KEPT - 24187 sequences (24187 clones)
2026-03-12 10:08:45,860 - malid.dataloader.base - INFO - M491-S100: KEPT - 22731 sequences (22731 clones)
2026-03-12 10:08:45,984 - malid.dataloader.base - INFO - M491-S121: KEPT - 32321 sequences (32321 clones)
2026-03-12 10:08:46,320 - malid.dataloader.base - INFO - M491-S123: KEPT - 31642 sequences (31642 clones)
2026-03-12 10:08:46,375 - malid.dataloader.base - INFO - M491-S156: KEPT - 5335 sequences (5335 clones)
2026-03-12 10:08:46,504 - malid.dataloader.base - INFO - M491-S129: KEPT - 30164 sequences (30164 clones)
2026-03-12 10:08:46,609 - malid.dataloader.base - INFO - M491-S131: KEPT - 29607 sequences (29607 clones)
2026-03-12 10:08:46,704 - malid.dataloader.base - INFO - M491-S133: KEPT - 28884 sequences (28884 clones)
2026-03-12 10:08:46,796 - malid.dataloader.base - INFO - M491-S141: KEPT - 27675 sequences (27675 clones)
2026-03-12 10:08:46,908 - malid.dataloader.base - INFO - M491-S147: KEPT - 23993 sequences (23993 clones)
2026-03-12 10:08:46,969 - malid.dataloader.base - INFO - M491-S150: KEPT - 19573 sequences (19573 clones)
2026-03-12 10:08:46,999 - malid.dataloader.base - INFO - M491-S167: KEPT - 5030 sequences (5030 clones)
2026-03-12 10:08:50,559 - __main__ - INFO -   Loaded: 186 specimens, 8,366,081 sequences
2026-03-12 10:09:06,023 - __main__ - INFO -   After V gene alignment: 7,907,478 sequences (94.5%)
2026-03-12 10:09:06,025 - __main__ - INFO - Extracting test features...
2026-03-12 10:09:06,025 - malid.models.model1_repertoire - INFO - Extracting features from 7907478 sequences
2026-03-12 10:09:08,227 - malid.models.model1_repertoire - INFO - Extracted features: 186 specimens × 364 features
2026-03-12 10:09:08,369 - __main__ - INFO -   Test features: 186 specimens × 364 features
2026-03-12 10:09:08,369 - __main__ - INFO - Evaluating on test set...
2026-03-12 10:09:08,386 - __main__ - INFO - 
  Results:
2026-03-12 10:09:08,386 - __main__ - INFO -     Accuracy: 0.726
2026-03-12 10:09:08,386 - __main__ - INFO -     AUROC (OvO, weighted): 0.946
2026-03-12 10:09:08,386 - __main__ - INFO -     AUPRC (OvO, weighted): 0.829
2026-03-12 10:09:08,386 - __main__ - INFO -     Log loss: 0.752
2026-03-12 10:09:08,386 - __main__ - INFO -   Per-class AUROC (OvR):
2026-03-12 10:09:08,387 - __main__ - INFO -     Covid19: 0.958
2026-03-12 10:09:08,387 - __main__ - INFO -     HIV: 0.963
2026-03-12 10:09:08,387 - __main__ - INFO -     Healthy/Background: 0.935
2026-03-12 10:09:08,387 - __main__ - INFO -     Influenza: 0.985
2026-03-12 10:09:08,387 - __main__ - INFO -     Lupus: 0.933
2026-03-12 10:09:08,387 - __main__ - INFO -     T1D: 0.918
2026-03-12 10:09:08,387 - malid.models.base - INFO - Saving model to models/model1/lasso_cv.fold1.pkl
2026-03-12 10:09:08,388 - malid.models.base - INFO - Model saved successfully
2026-03-12 10:09:08,388 - __main__ - INFO -   Model saved: models/model1/lasso_cv.fold1.pkl
2026-03-12 10:09:08,393 - __main__ - INFO -   Predictions saved: models/model1/lasso_cv.fold1.predictions.csv
2026-03-12 10:09:08,394 - __main__ - INFO -   V genes saved: models/model1/lasso_cv.fold1.v_genes.json
2026-03-12 10:09:19,746 - __main__ - INFO - 
============================================================
2026-03-12 10:09:19,753 - __main__ - INFO - FOLD 2
2026-03-12 10:09:19,753 - __main__ - INFO - ============================================================

2026-03-12 10:09:19,753 - __main__ - INFO - Loading training data (fold 2)...
2026-03-12 10:09:19,755 - malid.dataloader.base - INFO - Loading fold 2 train: 370 specimens
2026-03-12 10:09:20,387 - malid.dataloader.base - INFO - M124-S014: KEPT - 69601 sequences (69601 clones)
2026-03-12 10:09:20,651 - malid.dataloader.base - INFO - M124-S042: KEPT - 55445 sequences (55445 clones)
2026-03-12 10:09:20,856 - malid.dataloader.base - INFO - M124-S012: KEPT - 54261 sequences (54261 clones)
2026-03-12 10:09:21,221 - malid.dataloader.base - INFO - M124-S036: KEPT - 61970 sequences (61970 clones)
2026-03-12 10:09:21,405 - malid.dataloader.base - INFO - M124-S035: KEPT - 44068 sequences (44068 clones)
2026-03-12 10:09:21,635 - malid.dataloader.base - INFO - M124-S039: KEPT - 43216 sequences (43216 clones)
2026-03-12 10:09:21,879 - malid.dataloader.base - INFO - M124-S040: KEPT - 49360 sequences (49360 clones)
2026-03-12 10:09:22,614 - malid.dataloader.base - INFO - M64-002: KEPT - 96064 sequences (96064 clones)
2026-03-12 10:09:22,650 - malid.dataloader.base - INFO - M64-003: KEPT - 1791 sequences (1791 clones)
2026-03-12 10:09:22,768 - malid.dataloader.base - INFO - M64-009: KEPT - 27020 sequences (27020 clones)
2026-03-12 10:09:22,871 - malid.dataloader.base - INFO - M64-010: KEPT - 26932 sequences (26932 clones)
2026-03-12 10:09:23,386 - malid.dataloader.base - INFO - M64-012: KEPT - 68731 sequences (68206 clones)
2026-03-12 10:09:23,828 - malid.dataloader.base - INFO - M64-014: KEPT - 77326 sequences (77326 clones)
2026-03-12 10:09:24,017 - malid.dataloader.base - INFO - M64-016: KEPT - 43941 sequences (43941 clones)
2026-03-12 10:09:24,822 - malid.dataloader.base - INFO - M64-017: KEPT - 122840 sequences (122840 clones)
2026-03-12 10:09:24,979 - malid.dataloader.base - INFO - M64-018: KEPT - 55926 sequences (55926 clones)
2026-03-12 10:09:25,386 - malid.dataloader.base - INFO - M64-026: KEPT - 81556 sequences (81556 clones)
2026-03-12 10:09:25,561 - malid.dataloader.base - INFO - M64-027: KEPT - 60524 sequences (60524 clones)
2026-03-12 10:09:25,782 - malid.dataloader.base - INFO - M64-028: KEPT - 70643 sequences (70643 clones)
2026-03-12 10:09:26,185 - malid.dataloader.base - INFO - M64-029: KEPT - 91371 sequences (91371 clones)
2026-03-12 10:09:26,481 - malid.dataloader.base - INFO - M64-031: KEPT - 58925 sequences (58925 clones)
2026-03-12 10:09:27,512 - malid.dataloader.base - INFO - M64-032: KEPT - 159988 sequences (159988 clones)
2026-03-12 10:09:27,630 - malid.dataloader.base - INFO - M64-033: KEPT - 42225 sequences (42135 clones)
2026-03-12 10:09:27,751 - malid.dataloader.base - INFO - M64-035: KEPT - 43029 sequences (41767 clones)
2026-03-12 10:09:27,882 - malid.dataloader.base - INFO - M64-037: KEPT - 30671 sequences (30030 clones)
2026-03-12 10:09:28,497 - malid.dataloader.base - INFO - M64-038: KEPT - 113403 sequences (110576 clones)
2026-03-12 10:09:28,574 - malid.dataloader.base - INFO - M64-040: KEPT - 21679 sequences (21679 clones)
2026-03-12 10:09:28,642 - malid.dataloader.base - INFO - M64-041: KEPT - 12848 sequences (12848 clones)
2026-03-12 10:09:28,797 - malid.dataloader.base - INFO - M64-043: KEPT - 61141 sequences (61106 clones)
2026-03-12 10:09:29,057 - malid.dataloader.base - INFO - M64-044: KEPT - 72620 sequences (70952 clones)
2026-03-12 10:09:29,161 - malid.dataloader.base - INFO - M64-047: KEPT - 35543 sequences (35543 clones)
2026-03-12 10:09:29,369 - malid.dataloader.base - INFO - M64-049: KEPT - 41618 sequences (41580 clones)
2026-03-12 10:09:29,741 - malid.dataloader.base - INFO - M64-051: KEPT - 76668 sequences (75436 clones)
2026-03-12 10:09:30,048 - malid.dataloader.base - INFO - M64-052: KEPT - 63755 sequences (63249 clones)
2026-03-12 10:09:30,311 - malid.dataloader.base - INFO - M64-053: KEPT - 58057 sequences (58057 clones)
2026-03-12 10:09:30,597 - malid.dataloader.base - INFO - M64-054: KEPT - 71408 sequences (69735 clones)
2026-03-12 10:09:30,860 - malid.dataloader.base - INFO - M64-055: KEPT - 62092 sequences (59905 clones)
2026-03-12 10:09:31,130 - malid.dataloader.base - INFO - M64-057: KEPT - 34527 sequences (33938 clones)
2026-03-12 10:09:31,248 - malid.dataloader.base - INFO - M64-058: KEPT - 37420 sequences (37420 clones)
2026-03-12 10:09:31,335 - malid.dataloader.base - INFO - M64-059: KEPT - 10284 sequences (10284 clones)
2026-03-12 10:09:31,770 - malid.dataloader.base - INFO - M64-061: KEPT - 62178 sequences (59099 clones)
2026-03-12 10:09:31,904 - malid.dataloader.base - INFO - M64-062: KEPT - 55267 sequences (55267 clones)
2026-03-12 10:09:32,022 - malid.dataloader.base - INFO - M64-064: KEPT - 43717 sequences (43013 clones)
2026-03-12 10:09:32,124 - malid.dataloader.base - INFO - M64-065: KEPT - 33879 sequences (32969 clones)
2026-03-12 10:09:32,783 - malid.dataloader.base - INFO - M64-068: KEPT - 118676 sequences (112619 clones)
2026-03-12 10:09:33,213 - malid.dataloader.base - INFO - M64-069: KEPT - 98333 sequences (92942 clones)
2026-03-12 10:09:33,445 - malid.dataloader.base - INFO - M64-073: KEPT - 82536 sequences (81811 clones)
2026-03-12 10:09:33,559 - malid.dataloader.base - INFO - M64-075: KEPT - 19739 sequences (19736 clones)
2026-03-12 10:09:33,709 - malid.dataloader.base - INFO - M64-076: KEPT - 53054 sequences (53054 clones)
2026-03-12 10:09:33,786 - malid.dataloader.base - INFO - M64-077: KEPT - 24941 sequences (24941 clones)
2026-03-12 10:09:34,061 - malid.dataloader.base - INFO - M64-078: KEPT - 56199 sequences (56199 clones)
2026-03-12 10:09:35,205 - malid.dataloader.base - INFO - M64-080: KEPT - 154445 sequences (146818 clones)
2026-03-12 10:09:35,538 - malid.dataloader.base - INFO - M64-081: KEPT - 92240 sequences (86015 clones)
2026-03-12 10:09:36,089 - malid.dataloader.base - INFO - M64-084: KEPT - 128298 sequences (120200 clones)
2026-03-12 10:09:36,213 - malid.dataloader.base - INFO - M64-085: KEPT - 59516 sequences (59516 clones)
2026-03-12 10:09:36,514 - malid.dataloader.base - INFO - M64-086: KEPT - 103885 sequences (103885 clones)
2026-03-12 10:09:37,267 - malid.dataloader.base - INFO - M64-087: KEPT - 125703 sequences (117290 clones)
2026-03-12 10:09:37,474 - malid.dataloader.base - INFO - M64-089: KEPT - 106136 sequences (106136 clones)
2026-03-12 10:09:37,782 - malid.dataloader.base - INFO - M64-090: KEPT - 102170 sequences (102170 clones)
2026-03-12 10:09:38,339 - malid.dataloader.base - INFO - M64-091: KEPT - 98386 sequences (93952 clones)
2026-03-12 10:09:38,459 - malid.dataloader.base - INFO - M64-092: KEPT - 52142 sequences (52142 clones)
2026-03-12 10:09:38,530 - malid.dataloader.base - INFO - M64-096: KEPT - 20605 sequences (20605 clones)
2026-03-12 10:09:39,055 - malid.dataloader.base - INFO - M64-097: KEPT - 92427 sequences (84193 clones)
2026-03-12 10:09:39,208 - malid.dataloader.base - INFO - M64-098: KEPT - 67219 sequences (67219 clones)
2026-03-12 10:09:39,344 - malid.dataloader.base - INFO - M64-101: KEPT - 59973 sequences (59973 clones)
2026-03-12 10:09:39,850 - malid.dataloader.base - INFO - M64-103: KEPT - 106970 sequences (106970 clones)
2026-03-12 10:09:39,973 - malid.dataloader.base - INFO - M64-104: KEPT - 46788 sequences (46788 clones)
2026-03-12 10:09:40,600 - malid.dataloader.base - INFO - M64-105: KEPT - 121574 sequences (121574 clones)
2026-03-12 10:09:40,888 - malid.dataloader.base - INFO - M64-106: KEPT - 70910 sequences (70910 clones)
2026-03-12 10:09:41,174 - malid.dataloader.base - INFO - M64-107: KEPT - 82304 sequences (82304 clones)
2026-03-12 10:09:41,501 - malid.dataloader.base - INFO - M64-109: KEPT - 71694 sequences (71694 clones)
2026-03-12 10:09:41,768 - malid.dataloader.base - INFO - M64-110: KEPT - 69404 sequences (69404 clones)
2026-03-12 10:09:41,890 - malid.dataloader.base - INFO - M64-111: KEPT - 32617 sequences (32617 clones)
2026-03-12 10:09:42,035 - malid.dataloader.base - INFO - M64-112: KEPT - 40710 sequences (40710 clones)
2026-03-12 10:09:42,515 - malid.dataloader.base - INFO - M64-113: KEPT - 94233 sequences (94233 clones)
2026-03-12 10:09:42,830 - malid.dataloader.base - INFO - M64-114: KEPT - 102711 sequences (102711 clones)
2026-03-12 10:09:42,897 - malid.dataloader.base - INFO - M124-S002: KEPT - 29028 sequences (29028 clones)
2026-03-12 10:09:42,985 - malid.dataloader.base - INFO - M124-S005: KEPT - 45367 sequences (45367 clones)
2026-03-12 10:09:43,150 - malid.dataloader.base - INFO - M124-S006: KEPT - 60924 sequences (60924 clones)
2026-03-12 10:09:43,319 - malid.dataloader.base - INFO - M124-S007: KEPT - 50832 sequences (50832 clones)
2026-03-12 10:09:43,492 - malid.dataloader.base - INFO - M124-S008: KEPT - 44294 sequences (44294 clones)
2026-03-12 10:09:43,673 - malid.dataloader.base - INFO - M124-S009: KEPT - 45989 sequences (45989 clones)
2026-03-12 10:09:44,011 - malid.dataloader.base - INFO - M124-S010: KEPT - 63406 sequences (63406 clones)
2026-03-12 10:09:44,147 - malid.dataloader.base - INFO - M124-S011: KEPT - 57876 sequences (57876 clones)
2026-03-12 10:09:44,665 - malid.dataloader.base - INFO - M124-S013: KEPT - 104112 sequences (104112 clones)
2026-03-12 10:09:44,811 - malid.dataloader.base - INFO - M124-S015: KEPT - 64679 sequences (64679 clones)
2026-03-12 10:09:45,144 - malid.dataloader.base - INFO - M124-S018: KEPT - 81220 sequences (81220 clones)
2026-03-12 10:09:45,395 - malid.dataloader.base - INFO - M124-S019: KEPT - 66698 sequences (66698 clones)
2026-03-12 10:09:45,730 - malid.dataloader.base - INFO - M124-S020: KEPT - 81807 sequences (81807 clones)
2026-03-12 10:09:46,076 - malid.dataloader.base - INFO - M124-S021: KEPT - 92319 sequences (92319 clones)
2026-03-12 10:09:46,112 - malid.dataloader.base - INFO - M124-S025: KEPT - 3933 sequences (3933 clones)
2026-03-12 10:09:46,212 - malid.dataloader.base - INFO - M124-S027: KEPT - 54104 sequences (54104 clones)
2026-03-12 10:09:46,306 - malid.dataloader.base - INFO - M124-S028: KEPT - 51849 sequences (51849 clones)
2026-03-12 10:09:46,381 - malid.dataloader.base - INFO - M124-S029: KEPT - 34934 sequences (34934 clones)
2026-03-12 10:09:46,747 - malid.dataloader.base - INFO - M124-S030: KEPT - 65800 sequences (65800 clones)
2026-03-12 10:09:47,118 - malid.dataloader.base - INFO - M124-S031: KEPT - 66622 sequences (66622 clones)
2026-03-12 10:09:47,216 - malid.dataloader.base - INFO - M124-S032: KEPT - 42569 sequences (42569 clones)
2026-03-12 10:09:47,336 - malid.dataloader.base - INFO - M124-S033: KEPT - 44898 sequences (44898 clones)
2026-03-12 10:09:47,573 - malid.dataloader.base - INFO - M124-S034: KEPT - 53299 sequences (53299 clones)
2026-03-12 10:09:47,903 - malid.dataloader.base - INFO - M454-S028: KEPT - 51977 sequences (51977 clones)
2026-03-12 10:09:47,947 - malid.dataloader.base - INFO - M454-S029: KEPT - 11219 sequences (11219 clones)
2026-03-12 10:09:49,600 - malid.dataloader.base - INFO - M456-S005: KEPT - 233296 sequences (233296 clones)
2026-03-12 10:09:50,327 - malid.dataloader.base - INFO - M456-S007: KEPT - 144254 sequences (144254 clones)
2026-03-12 10:09:50,580 - malid.dataloader.base - INFO - M464-S002: KEPT - 125713 sequences (125713 clones)
2026-03-12 10:09:50,809 - malid.dataloader.base - INFO - M464-S005: KEPT - 110877 sequences (110877 clones)
2026-03-12 10:09:51,066 - malid.dataloader.base - INFO - M464-S006: KEPT - 128473 sequences (128473 clones)
2026-03-12 10:09:51,413 - malid.dataloader.base - INFO - M464-S007: KEPT - 105078 sequences (105078 clones)
2026-03-12 10:09:51,789 - malid.dataloader.base - INFO - M464-S008: KEPT - 94394 sequences (94394 clones)
2026-03-12 10:09:52,478 - malid.dataloader.base - INFO - M464-S010: KEPT - 123825 sequences (123825 clones)
2026-03-12 10:09:52,603 - malid.dataloader.base - INFO - M464-S012: KEPT - 36344 sequences (36344 clones)
2026-03-12 10:09:53,061 - malid.dataloader.base - INFO - M464-S014: KEPT - 94321 sequences (94321 clones)
2026-03-12 10:09:53,481 - malid.dataloader.base - INFO - M464-S018: KEPT - 95676 sequences (95676 clones)
2026-03-12 10:09:54,106 - malid.dataloader.base - INFO - M464-S019: KEPT - 155835 sequences (155835 clones)
2026-03-12 10:09:54,265 - malid.dataloader.base - INFO - M464-S020: KEPT - 54816 sequences (54816 clones)
2026-03-12 10:09:54,413 - malid.dataloader.base - INFO - M464-S021: KEPT - 52848 sequences (52848 clones)
2026-03-12 10:09:54,931 - malid.dataloader.base - INFO - M464-S022: KEPT - 109498 sequences (109498 clones)
2026-03-12 10:09:55,269 - malid.dataloader.base - INFO - M464-S025: KEPT - 72522 sequences (72522 clones)
2026-03-12 10:09:55,497 - malid.dataloader.base - INFO - M464-S026: KEPT - 74872 sequences (74872 clones)
2026-03-12 10:09:55,857 - malid.dataloader.base - INFO - M464-S027: KEPT - 81942 sequences (81942 clones)
2026-03-12 10:09:56,300 - malid.dataloader.base - INFO - M464-S029: KEPT - 90837 sequences (90837 clones)
2026-03-12 10:09:56,364 - malid.dataloader.base - INFO - M464-S033: KEPT - 13112 sequences (13112 clones)
2026-03-12 10:09:56,558 - malid.dataloader.base - INFO - M464-S034: KEPT - 64322 sequences (64322 clones)
2026-03-12 10:09:57,144 - malid.dataloader.base - INFO - M464-S036: KEPT - 111176 sequences (111176 clones)
2026-03-12 10:09:57,780 - malid.dataloader.base - INFO - M464-S037: KEPT - 139927 sequences (139927 clones)
2026-03-12 10:09:58,088 - malid.dataloader.base - INFO - M464-S039: KEPT - 97316 sequences (97316 clones)
2026-03-12 10:09:58,389 - malid.dataloader.base - INFO - M464-S040: KEPT - 81685 sequences (81685 clones)
2026-03-12 10:09:58,473 - malid.dataloader.base - INFO - M464-S041: KEPT - 11000 sequences (11000 clones)
2026-03-12 10:09:58,863 - malid.dataloader.base - INFO - M464-S042: KEPT - 74683 sequences (74683 clones)
2026-03-12 10:09:59,667 - malid.dataloader.base - INFO - M464-S044: KEPT - 107181 sequences (107181 clones)
2026-03-12 10:09:59,800 - malid.dataloader.base - INFO - M464-S045: KEPT - 40299 sequences (40299 clones)
2026-03-12 10:09:59,856 - malid.dataloader.base - INFO - M491-S035: KEPT - 22192 sequences (22192 clones)
2026-03-12 10:09:59,912 - malid.dataloader.base - INFO - M491-S062: KEPT - 27246 sequences (27246 clones)
2026-03-12 10:10:00,008 - malid.dataloader.base - INFO - M111-S037: KEPT - 48757 sequences (48757 clones)
2026-03-12 10:10:00,639 - malid.dataloader.base - INFO - M111-S055: KEPT - 58857 sequences (58857 clones)
2026-03-12 10:10:00,733 - malid.dataloader.base - INFO - M124-S070: KEPT - 41765 sequences (41765 clones)
2026-03-12 10:10:00,854 - malid.dataloader.base - INFO - M111-S042: KEPT - 18314 sequences (18314 clones)
2026-03-12 10:10:00,935 - malid.dataloader.base - INFO - M111-S016: KEPT - 32832 sequences (32832 clones)
2026-03-12 10:10:01,037 - malid.dataloader.base - INFO - M111-S043: KEPT - 46764 sequences (46764 clones)
2026-03-12 10:10:01,108 - malid.dataloader.base - INFO - M111-S018: KEPT - 27584 sequences (27584 clones)
2026-03-12 10:10:01,180 - malid.dataloader.base - INFO - M111-S034: KEPT - 28723 sequences (28723 clones)
2026-03-12 10:10:01,315 - malid.dataloader.base - INFO - M111-S035: KEPT - 42541 sequences (42541 clones)
2026-03-12 10:10:01,464 - malid.dataloader.base - INFO - M111-S025: KEPT - 47059 sequences (47059 clones)
2026-03-12 10:10:01,675 - malid.dataloader.base - INFO - M111-S011: KEPT - 49695 sequences (49695 clones)
2026-03-12 10:10:01,801 - malid.dataloader.base - INFO - M111-S036: KEPT - 43012 sequences (43012 clones)
2026-03-12 10:10:02,333 - malid.dataloader.base - INFO - M111-S009: KEPT - 94794 sequences (94794 clones)
2026-03-12 10:10:02,540 - malid.dataloader.base - INFO - M111-S030: KEPT - 66250 sequences (66250 clones)
2026-03-12 10:10:02,610 - malid.dataloader.base - INFO - M111-S026: KEPT - 29350 sequences (29350 clones)
2026-03-12 10:10:02,698 - malid.dataloader.base - INFO - M111-S031: KEPT - 31259 sequences (31259 clones)
2026-03-12 10:10:02,758 - malid.dataloader.base - INFO - M111-S020: KEPT - 19519 sequences (19519 clones)
2026-03-12 10:10:03,030 - malid.dataloader.base - INFO - M111-S004: KEPT - 45222 sequences (45222 clones)
2026-03-12 10:10:03,134 - malid.dataloader.base - INFO - M111-S001: KEPT - 30148 sequences (30148 clones)
2026-03-12 10:10:03,334 - malid.dataloader.base - INFO - M111-S005: KEPT - 42009 sequences (42009 clones)
2026-03-12 10:10:03,398 - malid.dataloader.base - INFO - M111-S024: KEPT - 28666 sequences (28666 clones)
2026-03-12 10:10:03,767 - malid.dataloader.base - INFO - M111-S003: KEPT - 66195 sequences (66195 clones)
2026-03-12 10:10:03,908 - malid.dataloader.base - INFO - M111-S023: KEPT - 44258 sequences (44258 clones)
2026-03-12 10:10:03,990 - malid.dataloader.base - INFO - M111-S007: KEPT - 28356 sequences (28356 clones)
2026-03-12 10:10:04,133 - malid.dataloader.base - INFO - M111-S045: KEPT - 31223 sequences (31223 clones)
2026-03-12 10:10:04,482 - malid.dataloader.base - INFO - M111-S021: KEPT - 63010 sequences (63010 clones)
2026-03-12 10:10:04,631 - malid.dataloader.base - INFO - M111-S046: KEPT - 50791 sequences (50791 clones)
2026-03-12 10:10:04,813 - malid.dataloader.base - INFO - M111-S054: KEPT - 47878 sequences (47878 clones)
2026-03-12 10:10:04,904 - malid.dataloader.base - INFO - M111-S047: KEPT - 46621 sequences (46621 clones)
2026-03-12 10:10:04,981 - malid.dataloader.base - INFO - M111-S017: KEPT - 30927 sequences (30927 clones)
2026-03-12 10:10:05,240 - malid.dataloader.base - INFO - M111-S015: KEPT - 61132 sequences (61132 clones)
2026-03-12 10:10:05,347 - malid.dataloader.base - INFO - M111-S010: KEPT - 46910 sequences (46910 clones)
2026-03-12 10:10:05,570 - malid.dataloader.base - INFO - M111-S002: KEPT - 64618 sequences (64618 clones)
2026-03-12 10:10:05,639 - malid.dataloader.base - INFO - M111-S048: KEPT - 28976 sequences (28976 clones)
2026-03-12 10:10:05,696 - malid.dataloader.base - INFO - M111-S028: KEPT - 15423 sequences (15423 clones)
2026-03-12 10:10:06,025 - malid.dataloader.base - INFO - M111-S051: KEPT - 56766 sequences (56766 clones)
2026-03-12 10:10:06,084 - malid.dataloader.base - INFO - M124-S044: KEPT - 19074 sequences (19074 clones)
2026-03-12 10:10:06,148 - malid.dataloader.base - INFO - M124-S045: KEPT - 25562 sequences (25562 clones)
2026-03-12 10:10:06,304 - malid.dataloader.base - INFO - M124-S047: KEPT - 35814 sequences (35814 clones)
2026-03-12 10:10:06,429 - malid.dataloader.base - INFO - M124-S048: KEPT - 40491 sequences (40491 clones)
2026-03-12 10:10:06,773 - malid.dataloader.base - INFO - M124-S052: KEPT - 50714 sequences (50714 clones)
2026-03-12 10:10:06,827 - malid.dataloader.base - INFO - M124-S054: KEPT - 24266 sequences (24266 clones)
2026-03-12 10:10:06,988 - malid.dataloader.base - INFO - M124-S056: KEPT - 35728 sequences (35728 clones)
2026-03-12 10:10:07,026 - malid.dataloader.base - INFO - M124-S058: KEPT - 5484 sequences (5484 clones)
2026-03-12 10:10:07,170 - malid.dataloader.base - INFO - M124-S060: KEPT - 35323 sequences (35323 clones)
2026-03-12 10:10:07,206 - malid.dataloader.base - INFO - M124-S061: KEPT - 9202 sequences (9202 clones)
2026-03-12 10:10:07,390 - malid.dataloader.base - INFO - M124-S062: KEPT - 40087 sequences (40087 clones)
2026-03-12 10:10:07,491 - malid.dataloader.base - INFO - M124-S063: KEPT - 35154 sequences (35154 clones)
2026-03-12 10:10:07,693 - malid.dataloader.base - INFO - M124-S065: KEPT - 47472 sequences (47472 clones)
2026-03-12 10:10:07,791 - malid.dataloader.base - INFO - M124-S066: KEPT - 38260 sequences (38260 clones)
2026-03-12 10:10:07,836 - malid.dataloader.base - INFO - M124-S067: KEPT - 19518 sequences (19518 clones)
2026-03-12 10:10:08,022 - malid.dataloader.base - INFO - M124-S068: KEPT - 45132 sequences (45132 clones)
2026-03-12 10:10:08,078 - malid.dataloader.base - INFO - M124-S069: KEPT - 22377 sequences (22377 clones)
2026-03-12 10:10:08,186 - malid.dataloader.base - INFO - M124-S071: KEPT - 33337 sequences (33337 clones)
2026-03-12 10:10:08,230 - malid.dataloader.base - INFO - M124-S072: KEPT - 15138 sequences (15138 clones)
2026-03-12 10:10:08,342 - malid.dataloader.base - INFO - M124-S073: KEPT - 28173 sequences (28173 clones)
2026-03-12 10:10:08,481 - malid.dataloader.base - INFO - M124-S074: KEPT - 39136 sequences (39136 clones)
2026-03-12 10:10:09,091 - malid.dataloader.base - INFO - M124-S075: KEPT - 40034 sequences (40034 clones)
2026-03-12 10:10:09,258 - malid.dataloader.base - INFO - M124-S077: KEPT - 42088 sequences (42088 clones)
2026-03-12 10:10:09,324 - malid.dataloader.base - INFO - M124-S078: KEPT - 28127 sequences (28127 clones)
2026-03-12 10:10:09,428 - malid.dataloader.base - INFO - M124-S080: KEPT - 29406 sequences (29406 clones)
2026-03-12 10:10:09,522 - malid.dataloader.base - INFO - M124-S083: KEPT - 24533 sequences (24533 clones)
2026-03-12 10:10:09,873 - malid.dataloader.base - INFO - M124-S064: KEPT - 28670 sequences (28670 clones)
2026-03-12 10:10:10,052 - malid.dataloader.base - INFO - M124-S085: KEPT - 35369 sequences (35369 clones)
2026-03-12 10:10:10,174 - malid.dataloader.base - INFO - M124-S055: KEPT - 16499 sequences (16499 clones)
2026-03-12 10:10:10,204 - malid.dataloader.base - INFO - M124-S086: KEPT - 11852 sequences (11852 clones)
2026-03-12 10:10:10,392 - malid.dataloader.base - INFO - M447-S031: KEPT - 55020 sequences (55020 clones)
2026-03-12 10:10:10,579 - malid.dataloader.base - INFO - M447-S032: KEPT - 77555 sequences (77555 clones)
2026-03-12 10:10:10,777 - malid.dataloader.base - INFO - M447-S034: KEPT - 49380 sequences (49380 clones)
2026-03-12 10:10:10,994 - malid.dataloader.base - INFO - M447-S035: KEPT - 48549 sequences (48549 clones)
2026-03-12 10:10:11,327 - malid.dataloader.base - INFO - M447-S037: KEPT - 63064 sequences (63064 clones)
2026-03-12 10:10:11,470 - malid.dataloader.base - INFO - M447-S038: KEPT - 42546 sequences (42546 clones)
2026-03-12 10:10:11,596 - malid.dataloader.base - INFO - M447-S040: KEPT - 40485 sequences (40485 clones)
2026-03-12 10:10:11,680 - malid.dataloader.base - INFO - M447-S041: KEPT - 24260 sequences (24260 clones)
2026-03-12 10:10:11,728 - malid.dataloader.base - INFO - M447-S042: KEPT - 7935 sequences (7935 clones)
2026-03-12 10:10:12,088 - malid.dataloader.base - INFO - M447-S002: KEPT - 79924 sequences (79924 clones)
2026-03-12 10:10:12,239 - malid.dataloader.base - INFO - M447-S003: KEPT - 51093 sequences (51093 clones)
2026-03-12 10:10:12,393 - malid.dataloader.base - INFO - M447-S004: KEPT - 42156 sequences (42156 clones)
2026-03-12 10:10:12,597 - malid.dataloader.base - INFO - M447-S007: KEPT - 53443 sequences (53443 clones)
2026-03-12 10:10:13,082 - malid.dataloader.base - INFO - M447-S008: KEPT - 81259 sequences (81259 clones)
2026-03-12 10:10:13,163 - malid.dataloader.base - INFO - M447-S009: KEPT - 27805 sequences (27805 clones)
2026-03-12 10:10:13,465 - malid.dataloader.base - INFO - M447-S010: KEPT - 48812 sequences (48812 clones)
2026-03-12 10:10:13,543 - malid.dataloader.base - INFO - M447-S011: KEPT - 31229 sequences (31229 clones)
2026-03-12 10:10:13,994 - malid.dataloader.base - INFO - M447-S012: KEPT - 65284 sequences (65284 clones)
2026-03-12 10:10:14,274 - malid.dataloader.base - INFO - M447-S013: KEPT - 61402 sequences (61402 clones)
2026-03-12 10:10:14,624 - malid.dataloader.base - INFO - M447-S014: KEPT - 73426 sequences (73426 clones)
2026-03-12 10:10:14,821 - malid.dataloader.base - INFO - M447-S015: KEPT - 65181 sequences (65181 clones)
2026-03-12 10:10:15,020 - malid.dataloader.base - INFO - M447-S016: KEPT - 58206 sequences (58206 clones)
2026-03-12 10:10:15,250 - malid.dataloader.base - INFO - M447-S017: KEPT - 57434 sequences (57434 clones)
2026-03-12 10:10:15,480 - malid.dataloader.base - INFO - M447-S018: KEPT - 54007 sequences (54007 clones)
2026-03-12 10:10:15,810 - malid.dataloader.base - INFO - M447-S019: KEPT - 70718 sequences (70718 clones)
2026-03-12 10:10:16,083 - malid.dataloader.base - INFO - M447-S021: KEPT - 67591 sequences (67591 clones)
2026-03-12 10:10:16,433 - malid.dataloader.base - INFO - M447-S022: KEPT - 65478 sequences (65478 clones)
2026-03-12 10:10:16,862 - malid.dataloader.base - INFO - M447-S023: KEPT - 83736 sequences (83736 clones)
2026-03-12 10:10:16,977 - malid.dataloader.base - INFO - M447-S025: KEPT - 48589 sequences (48589 clones)
2026-03-12 10:10:17,179 - malid.dataloader.base - INFO - M447-S026: KEPT - 49331 sequences (49331 clones)
2026-03-12 10:10:17,382 - malid.dataloader.base - INFO - M447-S029: KEPT - 41093 sequences (41093 clones)
2026-03-12 10:10:17,619 - malid.dataloader.base - INFO - M454-S015: KEPT - 43547 sequences (43547 clones)
2026-03-12 10:10:17,696 - malid.dataloader.base - INFO - M454-S018: KEPT - 19623 sequences (19623 clones)
2026-03-12 10:10:17,759 - malid.dataloader.base - INFO - M454-S019: KEPT - 9245 sequences (9245 clones)
2026-03-12 10:10:18,029 - malid.dataloader.base - INFO - M454-S033: KEPT - 54829 sequences (54829 clones)
2026-03-12 10:10:18,466 - malid.dataloader.base - INFO - M454-S046: KEPT - 25030 sequences (25030 clones)
2026-03-12 10:10:18,663 - malid.dataloader.base - INFO - M454-S059: KEPT - 39526 sequences (39526 clones)
2026-03-12 10:10:18,942 - malid.dataloader.base - INFO - M454-S049: KEPT - 49906 sequences (49906 clones)
2026-03-12 10:10:18,976 - malid.dataloader.base - INFO - M454-S050: KEPT - 4758 sequences (4758 clones)
2026-03-12 10:10:19,075 - malid.dataloader.base - INFO - M454-S052: KEPT - 17153 sequences (17153 clones)
2026-03-12 10:10:19,209 - malid.dataloader.base - INFO - M454-S058: KEPT - 52965 sequences (52965 clones)
2026-03-12 10:10:19,289 - malid.dataloader.base - INFO - M454-S017: KEPT - 23377 sequences (23377 clones)
2026-03-12 10:10:22,161 - malid.dataloader.base - INFO - M456-S008: KEPT - 375146 sequences (375146 clones)
2026-03-12 10:10:22,704 - malid.dataloader.base - INFO - M456-S009: KEPT - 123198 sequences (123198 clones)
2026-03-12 10:10:24,086 - malid.dataloader.base - INFO - M369-S001: KEPT - 97922 sequences (97922 clones)
2026-03-12 10:10:24,099 - malid.dataloader.base - INFO - M371-S003: KEPT - 1228 sequences (1228 clones)
2026-03-12 10:10:24,176 - malid.dataloader.base - INFO - M371-S012: KEPT - 15192 sequences (15192 clones)
2026-03-12 10:10:24,238 - malid.dataloader.base - INFO - M371-S013: KEPT - 13160 sequences (13160 clones)
2026-03-12 10:10:24,308 - malid.dataloader.base - INFO - M371-S014: KEPT - 12453 sequences (12453 clones)
2026-03-12 10:10:25,761 - malid.dataloader.base - INFO - M369-S004: KEPT - 29419 sequences (29419 clones)
2026-03-12 10:10:26,820 - malid.dataloader.base - INFO - M369-S005: KEPT - 171279 sequences (171279 clones)
2026-03-12 10:10:26,901 - malid.dataloader.base - INFO - M371-S004: KEPT - 13156 sequences (13156 clones)
2026-03-12 10:10:26,989 - malid.dataloader.base - INFO - M371-S017: KEPT - 20894 sequences (20894 clones)
2026-03-12 10:10:27,181 - malid.dataloader.base - INFO - M371-S001: KEPT - 4668 sequences (4668 clones)
2026-03-12 10:10:27,244 - malid.dataloader.base - INFO - M371-S015: KEPT - 6721 sequences (6721 clones)
2026-03-12 10:10:27,303 - malid.dataloader.base - INFO - M371-S016: KEPT - 10567 sequences (10567 clones)
2026-03-12 10:10:27,475 - malid.dataloader.base - INFO - M371-S021: KEPT - 12650 sequences (12650 clones)
2026-03-12 10:10:27,529 - malid.dataloader.base - INFO - M371-S022: KEPT - 10148 sequences (10148 clones)
2026-03-12 10:10:27,572 - malid.dataloader.base - INFO - M371-S023: KEPT - 6836 sequences (6836 clones)
2026-03-12 10:10:27,758 - malid.dataloader.base - INFO - M371-S011: KEPT - 15396 sequences (15396 clones)
2026-03-12 10:10:27,815 - malid.dataloader.base - INFO - M371-S026: KEPT - 12641 sequences (12641 clones)
2026-03-12 10:10:27,849 - malid.dataloader.base - INFO - M371-S027: KEPT - 2833 sequences (2833 clones)
2026-03-12 10:10:27,985 - malid.dataloader.base - INFO - M371-S028: KEPT - 8074 sequences (8074 clones)
2026-03-12 10:10:27,999 - malid.dataloader.base - INFO - M371-S029: KEPT - 1071 sequences (1071 clones)
2026-03-12 10:10:28,047 - malid.dataloader.base - INFO - M371-S030: KEPT - 10385 sequences (10385 clones)
2026-03-12 10:10:28,095 - malid.dataloader.base - INFO - M418-S198: KEPT - 13948 sequences (13948 clones)
2026-03-12 10:10:28,133 - malid.dataloader.base - INFO - M418-S229: KEPT - 12298 sequences (12298 clones)
2026-03-12 10:10:28,183 - malid.dataloader.base - INFO - M418-S230: KEPT - 5036 sequences (5036 clones)
2026-03-12 10:10:28,203 - malid.dataloader.base - INFO - M418-S231: KEPT - 6749 sequences (6749 clones)
2026-03-12 10:10:28,231 - malid.dataloader.base - INFO - M418-S232: KEPT - 10301 sequences (10301 clones)
2026-03-12 10:10:28,275 - malid.dataloader.base - INFO - M418-S094: KEPT - 13054 sequences (13054 clones)
2026-03-12 10:10:28,341 - malid.dataloader.base - INFO - M418-S101: KEPT - 13372 sequences (13372 clones)
2026-03-12 10:10:28,361 - malid.dataloader.base - INFO - M418-S102: KEPT - 5161 sequences (5161 clones)
2026-03-12 10:10:28,391 - malid.dataloader.base - INFO - M418-S103: KEPT - 13294 sequences (13294 clones)
2026-03-12 10:10:28,444 - malid.dataloader.base - INFO - M418-S104: KEPT - 2405 sequences (2405 clones)
2026-03-12 10:10:28,472 - malid.dataloader.base - INFO - M418-S105: KEPT - 10682 sequences (10682 clones)
2026-03-12 10:10:28,508 - malid.dataloader.base - INFO - M418-S106: KEPT - 18666 sequences (18666 clones)
2026-03-12 10:10:28,557 - malid.dataloader.base - INFO - M418-S113: KEPT - 4332 sequences (4332 clones)
2026-03-12 10:10:28,588 - malid.dataloader.base - INFO - M418-S114: KEPT - 14503 sequences (14503 clones)
2026-03-12 10:10:28,621 - malid.dataloader.base - INFO - M418-S118: KEPT - 3102 sequences (3102 clones)
2026-03-12 10:10:28,659 - malid.dataloader.base - INFO - M418-S144: KEPT - 13321 sequences (13321 clones)
2026-03-12 10:10:28,725 - malid.dataloader.base - INFO - M418-S148: KEPT - 13614 sequences (13614 clones)
2026-03-12 10:10:28,753 - malid.dataloader.base - INFO - M418-S149: KEPT - 11898 sequences (11898 clones)
2026-03-12 10:10:28,784 - malid.dataloader.base - INFO - M418-S150: KEPT - 15050 sequences (15050 clones)
2026-03-12 10:10:28,837 - malid.dataloader.base - INFO - M418-S169: KEPT - 13674 sequences (13674 clones)
2026-03-12 10:10:28,874 - malid.dataloader.base - INFO - M418-S174: KEPT - 11436 sequences (11436 clones)
2026-03-12 10:10:28,904 - malid.dataloader.base - INFO - M418-S180: KEPT - 6710 sequences (6710 clones)
2026-03-12 10:10:28,929 - malid.dataloader.base - INFO - M418-S182: KEPT - 5092 sequences (5092 clones)
2026-03-12 10:10:28,963 - malid.dataloader.base - INFO - M418-S184: KEPT - 11376 sequences (11376 clones)
2026-03-12 10:10:29,011 - malid.dataloader.base - INFO - M418-S192: KEPT - 21944 sequences (21944 clones)
2026-03-12 10:10:29,103 - malid.dataloader.base - INFO - M418-S001: KEPT - 10641 sequences (10641 clones)
2026-03-12 10:10:29,133 - malid.dataloader.base - INFO - M418-S002: KEPT - 13360 sequences (13360 clones)
2026-03-12 10:10:29,180 - malid.dataloader.base - INFO - M418-S010: KEPT - 13396 sequences (13396 clones)
2026-03-12 10:10:29,216 - malid.dataloader.base - INFO - M418-S012: KEPT - 2140 sequences (2140 clones)
2026-03-12 10:10:29,259 - malid.dataloader.base - INFO - M418-S013: KEPT - 23936 sequences (23936 clones)
2026-03-12 10:10:29,312 - malid.dataloader.base - INFO - M418-S014: KEPT - 22610 sequences (22610 clones)
2026-03-12 10:10:29,365 - malid.dataloader.base - INFO - M418-S016: KEPT - 26070 sequences (26070 clones)
2026-03-12 10:10:29,398 - malid.dataloader.base - INFO - M418-S021: KEPT - 10349 sequences (10349 clones)
2026-03-12 10:10:29,472 - malid.dataloader.base - INFO - M418-S022: KEPT - 23883 sequences (23883 clones)
2026-03-12 10:10:29,511 - malid.dataloader.base - INFO - M418-S023: KEPT - 22166 sequences (22166 clones)
2026-03-12 10:10:29,570 - malid.dataloader.base - INFO - M418-S024: KEPT - 17006 sequences (17006 clones)
2026-03-12 10:10:29,622 - malid.dataloader.base - INFO - M418-S025: KEPT - 25251 sequences (25251 clones)
2026-03-12 10:10:29,655 - malid.dataloader.base - INFO - M418-S027: KEPT - 9951 sequences (9951 clones)
2026-03-12 10:10:29,682 - malid.dataloader.base - INFO - M418-S032: KEPT - 4575 sequences (4575 clones)
2026-03-12 10:10:29,724 - malid.dataloader.base - INFO - M418-S035: KEPT - 15461 sequences (15461 clones)
2026-03-12 10:10:29,787 - malid.dataloader.base - INFO - M418-S038: KEPT - 17152 sequences (17152 clones)
2026-03-12 10:10:29,825 - malid.dataloader.base - INFO - M418-S039: KEPT - 20601 sequences (20601 clones)
2026-03-12 10:10:29,885 - malid.dataloader.base - INFO - M418-S044: KEPT - 19827 sequences (19827 clones)
2026-03-12 10:10:29,913 - malid.dataloader.base - INFO - M418-S046: KEPT - 6844 sequences (6844 clones)
2026-03-12 10:10:29,958 - malid.dataloader.base - INFO - M418-S047: KEPT - 20934 sequences (20934 clones)
2026-03-12 10:10:29,999 - malid.dataloader.base - INFO - M418-S054: KEPT - 13812 sequences (13812 clones)
2026-03-12 10:10:30,168 - malid.dataloader.base - INFO - M433-S002: KEPT - 40532 sequences (40532 clones)
2026-03-12 10:10:30,221 - malid.dataloader.base - INFO - M433-S039: KEPT - 31867 sequences (31867 clones)
2026-03-12 10:10:30,288 - malid.dataloader.base - INFO - M433-S077: KEPT - 41722 sequences (41722 clones)
2026-03-12 10:10:30,344 - malid.dataloader.base - INFO - M433-S114: KEPT - 33451 sequences (33451 clones)
2026-03-12 10:10:30,525 - malid.dataloader.base - INFO - M433-S004: KEPT - 40842 sequences (40842 clones)
2026-03-12 10:10:30,587 - malid.dataloader.base - INFO - M433-S041: KEPT - 39415 sequences (39415 clones)
2026-03-12 10:10:30,647 - malid.dataloader.base - INFO - M433-S079: KEPT - 36809 sequences (36809 clones)
2026-03-12 10:10:30,714 - malid.dataloader.base - INFO - M433-S116: KEPT - 38891 sequences (38891 clones)
2026-03-12 10:10:30,903 - malid.dataloader.base - INFO - M433-S005: KEPT - 43096 sequences (43096 clones)
2026-03-12 10:10:30,956 - malid.dataloader.base - INFO - M433-S042: KEPT - 31106 sequences (31106 clones)
2026-03-12 10:10:31,016 - malid.dataloader.base - INFO - M433-S080: KEPT - 37108 sequences (37108 clones)
2026-03-12 10:10:31,077 - malid.dataloader.base - INFO - M433-S117: KEPT - 36143 sequences (36143 clones)
2026-03-12 10:10:31,245 - malid.dataloader.base - INFO - M433-S006: KEPT - 34795 sequences (34795 clones)
2026-03-12 10:10:31,300 - malid.dataloader.base - INFO - M433-S043: KEPT - 33606 sequences (33606 clones)
2026-03-12 10:10:31,346 - malid.dataloader.base - INFO - M433-S081: KEPT - 24586 sequences (24586 clones)
2026-03-12 10:10:31,405 - malid.dataloader.base - INFO - M433-S118: KEPT - 37391 sequences (37391 clones)
2026-03-12 10:10:31,602 - malid.dataloader.base - INFO - M433-S007: KEPT - 45716 sequences (45716 clones)
2026-03-12 10:10:31,664 - malid.dataloader.base - INFO - M433-S044: KEPT - 38082 sequences (38082 clones)
2026-03-12 10:10:31,734 - malid.dataloader.base - INFO - M433-S082: KEPT - 44160 sequences (44160 clones)
2026-03-12 10:10:31,802 - malid.dataloader.base - INFO - M433-S119: KEPT - 43735 sequences (43735 clones)
2026-03-12 10:10:31,988 - malid.dataloader.base - INFO - M433-S008: KEPT - 39055 sequences (39055 clones)
2026-03-12 10:10:32,051 - malid.dataloader.base - INFO - M433-S045: KEPT - 40741 sequences (40741 clones)
2026-03-12 10:10:32,111 - malid.dataloader.base - INFO - M433-S083: KEPT - 38706 sequences (38706 clones)
2026-03-12 10:10:32,171 - malid.dataloader.base - INFO - M433-S120: KEPT - 36950 sequences (36950 clones)
2026-03-12 10:10:32,344 - malid.dataloader.base - INFO - M433-S011: KEPT - 35040 sequences (35040 clones)
2026-03-12 10:10:32,404 - malid.dataloader.base - INFO - M433-S047: KEPT - 36555 sequences (36555 clones)
2026-03-12 10:10:32,440 - malid.dataloader.base - INFO - M433-S086: KEPT - 15427 sequences (15427 clones)
2026-03-12 10:10:32,498 - malid.dataloader.base - INFO - M433-S123: KEPT - 36856 sequences (36856 clones)
2026-03-12 10:10:32,661 - malid.dataloader.base - INFO - M433-S014: KEPT - 31064 sequences (31064 clones)
2026-03-12 10:10:32,713 - malid.dataloader.base - INFO - M433-S050: KEPT - 32258 sequences (32258 clones)
2026-03-12 10:10:32,766 - malid.dataloader.base - INFO - M433-S089: KEPT - 30050 sequences (30050 clones)
2026-03-12 10:10:32,830 - malid.dataloader.base - INFO - M433-S126: KEPT - 38283 sequences (38283 clones)
2026-03-12 10:10:32,985 - malid.dataloader.base - INFO - M433-S015: KEPT - 26373 sequences (26373 clones)
2026-03-12 10:10:33,047 - malid.dataloader.base - INFO - M433-S051: KEPT - 38647 sequences (38647 clones)
2026-03-12 10:10:33,102 - malid.dataloader.base - INFO - M433-S090: KEPT - 33070 sequences (33070 clones)
2026-03-12 10:10:33,167 - malid.dataloader.base - INFO - M433-S127: KEPT - 39055 sequences (39055 clones)
2026-03-12 10:10:33,331 - malid.dataloader.base - INFO - M433-S016: KEPT - 33384 sequences (33384 clones)
2026-03-12 10:10:33,369 - malid.dataloader.base - INFO - M433-S052: KEPT - 22923 sequences (22923 clones)
2026-03-12 10:10:33,421 - malid.dataloader.base - INFO - M433-S091: KEPT - 30913 sequences (30913 clones)
2026-03-12 10:10:33,476 - malid.dataloader.base - INFO - M433-S128: KEPT - 32777 sequences (32777 clones)
2026-03-12 10:10:33,634 - malid.dataloader.base - INFO - M433-S018: KEPT - 29985 sequences (29985 clones)
2026-03-12 10:10:33,696 - malid.dataloader.base - INFO - M433-S054: KEPT - 38841 sequences (38841 clones)
2026-03-12 10:10:33,752 - malid.dataloader.base - INFO - M433-S093: KEPT - 31521 sequences (31521 clones)
2026-03-12 10:10:33,804 - malid.dataloader.base - INFO - M433-S130: KEPT - 24685 sequences (24685 clones)
2026-03-12 10:10:33,946 - malid.dataloader.base - INFO - M433-S024: KEPT - 26979 sequences (26979 clones)
2026-03-12 10:10:33,980 - malid.dataloader.base - INFO - M433-S074: KEPT - 13716 sequences (13716 clones)
2026-03-12 10:10:34,033 - malid.dataloader.base - INFO - M433-S099: KEPT - 31146 sequences (31146 clones)
2026-03-12 10:10:34,067 - malid.dataloader.base - INFO - M433-S136: KEPT - 20250 sequences (20250 clones)
2026-03-12 10:10:34,197 - malid.dataloader.base - INFO - M433-S025: KEPT - 9661 sequences (9661 clones)
2026-03-12 10:10:34,255 - malid.dataloader.base - INFO - M433-S058: KEPT - 36608 sequences (36608 clones)
2026-03-12 10:10:34,319 - malid.dataloader.base - INFO - M433-S100: KEPT - 39678 sequences (39678 clones)
2026-03-12 10:10:34,381 - malid.dataloader.base - INFO - M433-S137: KEPT - 37720 sequences (37720 clones)
2026-03-12 10:10:34,555 - malid.dataloader.base - INFO - M433-S026: KEPT - 33292 sequences (33292 clones)
2026-03-12 10:10:34,625 - malid.dataloader.base - INFO - M433-S059: KEPT - 42624 sequences (42624 clones)
2026-03-12 10:10:34,685 - malid.dataloader.base - INFO - M433-S101: KEPT - 35114 sequences (35114 clones)
2026-03-12 10:10:34,746 - malid.dataloader.base - INFO - M433-S138: KEPT - 37367 sequences (37367 clones)
2026-03-12 10:10:34,962 - malid.dataloader.base - INFO - M433-S027: KEPT - 36801 sequences (36801 clones)
2026-03-12 10:10:35,018 - malid.dataloader.base - INFO - M433-S060: KEPT - 34868 sequences (34868 clones)
2026-03-12 10:10:35,081 - malid.dataloader.base - INFO - M433-S102: KEPT - 39847 sequences (39847 clones)
2026-03-12 10:10:35,138 - malid.dataloader.base - INFO - M433-S139: KEPT - 36599 sequences (36599 clones)
2026-03-12 10:10:35,308 - malid.dataloader.base - INFO - M433-S028: KEPT - 36655 sequences (36655 clones)
2026-03-12 10:10:35,370 - malid.dataloader.base - INFO - M433-S061: KEPT - 39657 sequences (39657 clones)
2026-03-12 10:10:35,431 - malid.dataloader.base - INFO - M433-S103: KEPT - 36081 sequences (36081 clones)
2026-03-12 10:10:35,481 - malid.dataloader.base - INFO - M433-S140: KEPT - 30322 sequences (30322 clones)
2026-03-12 10:10:35,633 - malid.dataloader.base - INFO - M433-S029: KEPT - 38034 sequences (38034 clones)
2026-03-12 10:10:35,688 - malid.dataloader.base - INFO - M433-S062: KEPT - 34904 sequences (34904 clones)
2026-03-12 10:10:35,752 - malid.dataloader.base - INFO - M433-S104: KEPT - 38376 sequences (38376 clones)
2026-03-12 10:10:35,925 - malid.dataloader.base - INFO - M433-S030: KEPT - 38075 sequences (38075 clones)
2026-03-12 10:10:35,983 - malid.dataloader.base - INFO - M433-S063: KEPT - 37157 sequences (37157 clones)
2026-03-12 10:10:36,106 - malid.dataloader.base - INFO - M433-S105: KEPT - 36595 sequences (36595 clones)
2026-03-12 10:10:36,238 - malid.dataloader.base - INFO - M433-S141: KEPT - 37311 sequences (37311 clones)
2026-03-12 10:10:36,412 - malid.dataloader.base - INFO - M433-S031: KEPT - 38934 sequences (38934 clones)
2026-03-12 10:10:36,473 - malid.dataloader.base - INFO - M433-S064: KEPT - 38621 sequences (38621 clones)
2026-03-12 10:10:36,527 - malid.dataloader.base - INFO - M433-S106: KEPT - 27890 sequences (27890 clones)
2026-03-12 10:10:36,553 - malid.dataloader.base - INFO - M433-S142: KEPT - 14916 sequences (14916 clones)
2026-03-12 10:10:36,733 - malid.dataloader.base - INFO - M433-S033: KEPT - 36884 sequences (36884 clones)
2026-03-12 10:10:36,890 - malid.dataloader.base - INFO - M433-S066: KEPT - 41916 sequences (41916 clones)
2026-03-12 10:10:37,032 - malid.dataloader.base - INFO - M433-S108: KEPT - 41192 sequences (41192 clones)
2026-03-12 10:10:37,154 - malid.dataloader.base - INFO - M433-S144: KEPT - 37610 sequences (37610 clones)
2026-03-12 10:10:37,288 - malid.dataloader.base - INFO - M433-S034: KEPT - 21906 sequences (21906 clones)
2026-03-12 10:10:37,321 - malid.dataloader.base - INFO - M433-S067: KEPT - 16846 sequences (16846 clones)
2026-03-12 10:10:37,361 - malid.dataloader.base - INFO - M433-S109: KEPT - 21711 sequences (21711 clones)
2026-03-12 10:10:37,422 - malid.dataloader.base - INFO - M433-S145: KEPT - 29685 sequences (29685 clones)
2026-03-12 10:10:37,577 - malid.dataloader.base - INFO - M433-S035: KEPT - 29971 sequences (29971 clones)
2026-03-12 10:10:37,632 - malid.dataloader.base - INFO - M433-S068: KEPT - 30804 sequences (30804 clones)
2026-03-12 10:10:37,687 - malid.dataloader.base - INFO - M433-S110: KEPT - 33201 sequences (33201 clones)
2026-03-12 10:10:37,746 - malid.dataloader.base - INFO - M433-S146: KEPT - 34619 sequences (34619 clones)
2026-03-12 10:10:37,884 - malid.dataloader.base - INFO - M433-S036: KEPT - 21991 sequences (21991 clones)
2026-03-12 10:10:37,934 - malid.dataloader.base - INFO - M433-S069: KEPT - 29471 sequences (29471 clones)
2026-03-12 10:10:37,971 - malid.dataloader.base - INFO - M433-S111: KEPT - 21316 sequences (21316 clones)
2026-03-12 10:10:38,031 - malid.dataloader.base - INFO - M433-S147: KEPT - 32389 sequences (32389 clones)
2026-03-12 10:10:38,167 - malid.dataloader.base - INFO - M433-S037: KEPT - 27072 sequences (27072 clones)
2026-03-12 10:10:38,215 - malid.dataloader.base - INFO - M433-S070: KEPT - 27211 sequences (27211 clones)
2026-03-12 10:10:38,257 - malid.dataloader.base - INFO - M433-S112: KEPT - 22553 sequences (22553 clones)
2026-03-12 10:10:38,293 - malid.dataloader.base - INFO - M433-S148: KEPT - 18572 sequences (18572 clones)
2026-03-12 10:10:38,374 - malid.dataloader.base - INFO - M491-S009: KEPT - 28795 sequences (28795 clones)
2026-03-12 10:10:38,433 - malid.dataloader.base - INFO - M491-S016: KEPT - 29268 sequences (29268 clones)
2026-03-12 10:10:38,485 - malid.dataloader.base - INFO - M491-S017: KEPT - 25215 sequences (25215 clones)
2026-03-12 10:10:38,550 - malid.dataloader.base - INFO - M491-S018: KEPT - 36024 sequences (36024 clones)
2026-03-12 10:10:38,605 - malid.dataloader.base - INFO - M491-S019: KEPT - 26116 sequences (26116 clones)
2026-03-12 10:10:38,670 - malid.dataloader.base - INFO - M491-S020: KEPT - 23768 sequences (23768 clones)
2026-03-12 10:10:38,680 - malid.dataloader.base - INFO - M491-S166: KEPT - 1666 sequences (1666 clones)
2026-03-12 10:10:38,758 - malid.dataloader.base - INFO - M491-S023: KEPT - 32158 sequences (32158 clones)
2026-03-12 10:10:38,820 - malid.dataloader.base - INFO - M491-S026: KEPT - 31304 sequences (31304 clones)
2026-03-12 10:10:38,879 - malid.dataloader.base - INFO - M491-S029: KEPT - 28246 sequences (28246 clones)
2026-03-12 10:10:38,939 - malid.dataloader.base - INFO - M491-S032: KEPT - 31339 sequences (31339 clones)
2026-03-12 10:10:38,988 - malid.dataloader.base - INFO - M491-S036: KEPT - 19574 sequences (19574 clones)
2026-03-12 10:10:39,054 - malid.dataloader.base - INFO - M491-S037: KEPT - 36060 sequences (36060 clones)
2026-03-12 10:10:39,113 - malid.dataloader.base - INFO - M491-S039: KEPT - 30219 sequences (30219 clones)
2026-03-12 10:10:39,172 - malid.dataloader.base - INFO - M491-S041: KEPT - 26813 sequences (26813 clones)
2026-03-12 10:10:39,230 - malid.dataloader.base - INFO - M491-S045: KEPT - 27308 sequences (27308 clones)
2026-03-12 10:10:39,326 - malid.dataloader.base - INFO - M491-S046: KEPT - 33808 sequences (33808 clones)
2026-03-12 10:10:39,447 - malid.dataloader.base - INFO - M491-S047: KEPT - 35210 sequences (35210 clones)
2026-03-12 10:10:39,519 - malid.dataloader.base - INFO - M491-S048: KEPT - 24658 sequences (24658 clones)
2026-03-12 10:10:39,801 - malid.dataloader.base - INFO - M491-S049: KEPT - 37744 sequences (37744 clones)
2026-03-12 10:10:39,850 - malid.dataloader.base - INFO - M491-S127: KEPT - 18471 sequences (18471 clones)
2026-03-12 10:10:39,934 - malid.dataloader.base - INFO - M491-S054: KEPT - 19611 sequences (19611 clones)
2026-03-12 10:10:40,011 - malid.dataloader.base - INFO - M491-S057: KEPT - 26777 sequences (26777 clones)
2026-03-12 10:10:40,084 - malid.dataloader.base - INFO - M491-S064: KEPT - 30501 sequences (30501 clones)
2026-03-12 10:10:40,151 - malid.dataloader.base - INFO - M491-S065: KEPT - 28388 sequences (28388 clones)
2026-03-12 10:10:40,269 - malid.dataloader.base - INFO - M491-S066: KEPT - 34041 sequences (34041 clones)
2026-03-12 10:10:40,373 - malid.dataloader.base - INFO - M491-S067: KEPT - 23244 sequences (23244 clones)
2026-03-12 10:10:40,460 - malid.dataloader.base - INFO - M491-S068: KEPT - 23774 sequences (23774 clones)
2026-03-12 10:10:40,546 - malid.dataloader.base - INFO - M491-S070: KEPT - 21963 sequences (21963 clones)
2026-03-12 10:10:40,666 - malid.dataloader.base - INFO - M491-S071: KEPT - 28554 sequences (28554 clones)
2026-03-12 10:10:40,720 - malid.dataloader.base - INFO - M491-S075: KEPT - 22039 sequences (22039 clones)
2026-03-12 10:10:40,777 - malid.dataloader.base - INFO - M491-S077: KEPT - 25119 sequences (25119 clones)
2026-03-12 10:10:40,855 - malid.dataloader.base - INFO - M491-S080: KEPT - 23579 sequences (23579 clones)
2026-03-12 10:10:40,954 - malid.dataloader.base - INFO - M491-S083: KEPT - 24216 sequences (24216 clones)
2026-03-12 10:10:41,229 - malid.dataloader.base - INFO - M491-S085: KEPT - 20954 sequences (20954 clones)
2026-03-12 10:10:41,347 - malid.dataloader.base - INFO - M491-S101: KEPT - 22837 sequences (22837 clones)
2026-03-12 10:10:41,487 - malid.dataloader.base - INFO - M491-S086: KEPT - 23629 sequences (23629 clones)
2026-03-12 10:10:41,578 - malid.dataloader.base - INFO - M491-S087: KEPT - 29050 sequences (29050 clones)
2026-03-12 10:10:41,641 - malid.dataloader.base - INFO - M491-S089: KEPT - 27644 sequences (27644 clones)
2026-03-12 10:10:41,701 - malid.dataloader.base - INFO - M491-S096: KEPT - 24187 sequences (24187 clones)
2026-03-12 10:10:41,838 - malid.dataloader.base - INFO - M491-S098: KEPT - 25907 sequences (25907 clones)
2026-03-12 10:10:41,924 - malid.dataloader.base - INFO - M491-S100: KEPT - 22731 sequences (22731 clones)
2026-03-12 10:10:42,086 - malid.dataloader.base - INFO - M491-S102: KEPT - 29015 sequences (29015 clones)
2026-03-12 10:10:42,179 - malid.dataloader.base - INFO - M491-S106: KEPT - 24593 sequences (24593 clones)
2026-03-12 10:10:42,237 - malid.dataloader.base - INFO - M491-S107: KEPT - 16732 sequences (16732 clones)
2026-03-12 10:10:42,445 - malid.dataloader.base - INFO - M491-S109: KEPT - 36661 sequences (36661 clones)
2026-03-12 10:10:42,499 - malid.dataloader.base - INFO - M491-S111: KEPT - 23508 sequences (23508 clones)
2026-03-12 10:10:42,644 - malid.dataloader.base - INFO - M491-S117: KEPT - 28003 sequences (28003 clones)
2026-03-12 10:10:42,741 - malid.dataloader.base - INFO - M491-S121: KEPT - 32321 sequences (32321 clones)
2026-03-12 10:10:42,884 - malid.dataloader.base - INFO - M491-S123: KEPT - 31642 sequences (31642 clones)
2026-03-12 10:10:42,907 - malid.dataloader.base - INFO - M491-S156: KEPT - 5335 sequences (5335 clones)
2026-03-12 10:10:43,008 - malid.dataloader.base - INFO - M491-S124: KEPT - 33970 sequences (33970 clones)
2026-03-12 10:10:43,061 - malid.dataloader.base - INFO - M491-S126: KEPT - 22758 sequences (22758 clones)
2026-03-12 10:10:43,135 - malid.dataloader.base - INFO - M491-S129: KEPT - 30164 sequences (30164 clones)
2026-03-12 10:10:43,201 - malid.dataloader.base - INFO - M491-S131: KEPT - 29607 sequences (29607 clones)
2026-03-12 10:10:43,277 - malid.dataloader.base - INFO - M491-S133: KEPT - 28884 sequences (28884 clones)
2026-03-12 10:10:43,347 - malid.dataloader.base - INFO - M491-S136: KEPT - 28453 sequences (28453 clones)
2026-03-12 10:10:43,414 - malid.dataloader.base - INFO - M491-S141: KEPT - 27675 sequences (27675 clones)
2026-03-12 10:10:43,457 - malid.dataloader.base - INFO - M491-S146: KEPT - 14444 sequences (14444 clones)
2026-03-12 10:10:43,524 - malid.dataloader.base - INFO - M491-S147: KEPT - 23993 sequences (23993 clones)
2026-03-12 10:10:43,572 - malid.dataloader.base - INFO - M491-S148: KEPT - 17122 sequences (17122 clones)
2026-03-12 10:10:43,646 - malid.dataloader.base - INFO - M491-S149: KEPT - 24660 sequences (24660 clones)
2026-03-12 10:10:43,692 - malid.dataloader.base - INFO - M491-S150: KEPT - 19573 sequences (19573 clones)
2026-03-12 10:10:43,738 - malid.dataloader.base - INFO - M491-S153: KEPT - 12920 sequences (12920 clones)
2026-03-12 10:10:43,769 - malid.dataloader.base - INFO - M491-S160: KEPT - 6755 sequences (6755 clones)
2026-03-12 10:10:43,800 - malid.dataloader.base - INFO - M491-S167: KEPT - 5030 sequences (5030 clones)
2026-03-12 10:10:52,556 - __main__ - INFO -   Loaded: 370 specimens, 17,224,311 sequences
2026-03-12 10:10:52,557 - __main__ - INFO - Filtering rare V genes...
2026-03-12 10:10:52,767 - __main__ - INFO - V gene filtering: keeping 28/56 V genes (removed 28 with freq < 0.0097)
2026-03-12 10:10:52,767 - __main__ - INFO -   Removed: ['TRBV5-8', 'TRBV27', 'TRBV4-1', 'TRBV15', 'TRBV12-5', 'TRBV3-1', 'TRBV7-7', 'TRBV4-2', 'TRBV4-3', 'TRBV11-1']...
2026-03-12 10:11:41,868 - __main__ - INFO -   After filtering: 16,260,159 sequences (94.4%)
2026-03-12 10:11:41,871 - __main__ - INFO - Extracting training features...
2026-03-12 10:11:41,871 - malid.models.model1_repertoire - INFO - Extracting features from 16260159 sequences
2026-03-12 10:11:49,490 - malid.models.model1_repertoire - INFO - Extracted features: 370 specimens × 364 features
2026-03-12 10:11:50,030 - __main__ - INFO -   Features: 370 specimens × 364 features
2026-03-12 10:11:50,030 - __main__ - INFO -   Classes: 6 (['Healthy/Background', 'HIV', 'Lupus', 'Covid19', 'Influenza', 'T1D'])
2026-03-12 10:11:50,030 - __main__ - INFO - Training lasso_cv...
2026-03-12 10:11:50,030 - malid.models.model1_repertoire - INFO - Training RepertoireClassifier
2026-03-12 10:11:50,030 - malid.models.model1_repertoire - INFO -   Training samples: 370
2026-03-12 10:11:50,030 - malid.models.model1_repertoire - INFO -   Features: 364
2026-03-12 10:11:50,030 - malid.models.model1_repertoire - INFO -   Classes: ['Healthy/Background', 'HIV', 'Lupus', 'Covid19', 'Influenza', 'T1D']
2026-03-12 10:11:50,933 - malid.models.model1_repertoire - INFO - Model fitted successfully
2026-03-12 10:11:50,933 - malid.models.model1_repertoire - INFO -   Classes: ['Covid19' 'HIV' 'Healthy/Background' 'Influenza' 'Lupus' 'T1D']
2026-03-12 10:11:50,933 - __main__ - INFO -   Training completed in 9 seconds
2026-03-12 10:11:50,933 - __main__ - INFO - Loading test data (fold 2)...
2026-03-12 10:11:50,935 - malid.dataloader.base - INFO - Loading fold 2 test: 180 specimens
2026-03-12 10:11:51,455 - malid.dataloader.base - INFO - M124-S041: KEPT - 57873 sequences (57873 clones)
2026-03-12 10:11:51,560 - malid.dataloader.base - INFO - M124-S037: KEPT - 17380 sequences (17380 clones)
2026-03-12 10:11:51,755 - malid.dataloader.base - INFO - M124-S038: KEPT - 38441 sequences (38441 clones)
2026-03-12 10:11:52,003 - malid.dataloader.base - INFO - M64-004: KEPT - 33598 sequences (33598 clones)
2026-03-12 10:11:52,169 - malid.dataloader.base - INFO - M64-005: KEPT - 32171 sequences (32171 clones)
2026-03-12 10:11:52,340 - malid.dataloader.base - INFO - M64-006: KEPT - 32900 sequences (32900 clones)
2026-03-12 10:11:52,467 - malid.dataloader.base - INFO - M64-008: KEPT - 17591 sequences (17591 clones)
2026-03-12 10:11:52,530 - malid.dataloader.base - INFO - M64-013: KEPT - 4226 sequences (4226 clones)
2026-03-12 10:11:52,940 - malid.dataloader.base - INFO - M64-019: KEPT - 74006 sequences (74006 clones)
2026-03-12 10:11:53,259 - malid.dataloader.base - INFO - M64-021: KEPT - 69509 sequences (69509 clones)
2026-03-12 10:11:53,849 - malid.dataloader.base - INFO - M64-022: KEPT - 86490 sequences (86490 clones)
2026-03-12 10:11:54,220 - malid.dataloader.base - INFO - M64-030: KEPT - 67418 sequences (67418 clones)
2026-03-12 10:11:54,357 - malid.dataloader.base - INFO - M64-034: KEPT - 13862 sequences (13862 clones)
2026-03-12 10:11:54,588 - malid.dataloader.base - INFO - M64-036: KEPT - 45667 sequences (45667 clones)
2026-03-12 10:11:55,066 - malid.dataloader.base - INFO - M64-039: KEPT - 84931 sequences (84931 clones)
2026-03-12 10:11:55,116 - malid.dataloader.base - INFO - M64-042: KEPT - 4801 sequences (4801 clones)
2026-03-12 10:11:55,288 - malid.dataloader.base - INFO - M64-046: KEPT - 45274 sequences (45274 clones)
2026-03-12 10:11:55,458 - malid.dataloader.base - INFO - M64-048: KEPT - 37644 sequences (36382 clones)
2026-03-12 10:11:55,591 - malid.dataloader.base - INFO - M64-050: KEPT - 22449 sequences (22449 clones)
2026-03-12 10:11:56,053 - malid.dataloader.base - INFO - M64-060: KEPT - 59280 sequences (57593 clones)
2026-03-12 10:11:56,148 - malid.dataloader.base - INFO - M64-063: KEPT - 9068 sequences (9039 clones)
2026-03-12 10:11:56,349 - malid.dataloader.base - INFO - M64-067: KEPT - 41556 sequences (41556 clones)
2026-03-12 10:11:56,706 - malid.dataloader.base - INFO - M64-070: KEPT - 95573 sequences (95573 clones)
2026-03-12 10:11:56,909 - malid.dataloader.base - INFO - M64-071: KEPT - 45463 sequences (45463 clones)
2026-03-12 10:11:57,069 - malid.dataloader.base - INFO - M64-072: KEPT - 33392 sequences (33392 clones)
2026-03-12 10:11:57,380 - malid.dataloader.base - INFO - M64-074: KEPT - 83836 sequences (83836 clones)
2026-03-12 10:11:57,523 - malid.dataloader.base - INFO - M64-079: KEPT - 28801 sequences (28801 clones)
2026-03-12 10:11:58,196 - malid.dataloader.base - INFO - M64-082: KEPT - 82147 sequences (82147 clones)
2026-03-12 10:11:58,478 - malid.dataloader.base - INFO - M64-083: KEPT - 65701 sequences (65701 clones)
2026-03-12 10:11:58,789 - malid.dataloader.base - INFO - M64-088: KEPT - 63197 sequences (63197 clones)
2026-03-12 10:11:59,670 - malid.dataloader.base - INFO - M64-093: KEPT - 123417 sequences (117379 clones)
2026-03-12 10:11:59,717 - malid.dataloader.base - INFO - M64-094: KEPT - 2689 sequences (2689 clones)
2026-03-12 10:11:59,829 - malid.dataloader.base - INFO - M64-095: KEPT - 12264 sequences (12264 clones)
2026-03-12 10:12:00,065 - malid.dataloader.base - INFO - M64-099: KEPT - 56422 sequences (56422 clones)
2026-03-12 10:12:00,229 - malid.dataloader.base - INFO - M64-100: KEPT - 42054 sequences (42054 clones)
2026-03-12 10:12:00,513 - malid.dataloader.base - INFO - M64-108: KEPT - 91098 sequences (91098 clones)
2026-03-12 10:12:00,678 - malid.dataloader.base - INFO - M124-S001: KEPT - 42696 sequences (42696 clones)
2026-03-12 10:12:00,833 - malid.dataloader.base - INFO - M124-S003: KEPT - 48821 sequences (48821 clones)
2026-03-12 10:12:00,970 - malid.dataloader.base - INFO - M124-S004: KEPT - 50469 sequences (50469 clones)
2026-03-12 10:12:01,620 - malid.dataloader.base - INFO - M124-S016: KEPT - 104711 sequences (104711 clones)
2026-03-12 10:12:01,897 - malid.dataloader.base - INFO - M124-S017: KEPT - 85413 sequences (85413 clones)
2026-03-12 10:12:02,226 - malid.dataloader.base - INFO - M124-S022: KEPT - 81215 sequences (81215 clones)
2026-03-12 10:12:02,828 - malid.dataloader.base - INFO - M124-S023: KEPT - 89793 sequences (89793 clones)
2026-03-12 10:12:03,252 - malid.dataloader.base - INFO - M124-S024: KEPT - 92281 sequences (92281 clones)
2026-03-12 10:12:03,373 - malid.dataloader.base - INFO - M124-S026: KEPT - 58564 sequences (58564 clones)
2026-03-12 10:12:03,634 - malid.dataloader.base - INFO - M124-S043: KEPT - 62969 sequences (62969 clones)
2026-03-12 10:12:03,762 - malid.dataloader.base - INFO - M454-S030: KEPT - 23474 sequences (23474 clones)
2026-03-12 10:12:03,859 - malid.dataloader.base - INFO - M454-S032: KEPT - 20875 sequences (20875 clones)
2026-03-12 10:12:04,779 - malid.dataloader.base - INFO - M464-S001: KEPT - 110630 sequences (110630 clones)
2026-03-12 10:12:05,467 - malid.dataloader.base - INFO - M464-S004: KEPT - 112203 sequences (112203 clones)
2026-03-12 10:12:05,566 - malid.dataloader.base - INFO - M464-S009: KEPT - 19832 sequences (19832 clones)
2026-03-12 10:12:05,806 - malid.dataloader.base - INFO - M464-S011: KEPT - 76856 sequences (76856 clones)
2026-03-12 10:12:06,825 - malid.dataloader.base - INFO - M464-S013: KEPT - 138913 sequences (138913 clones)
2026-03-12 10:12:07,422 - malid.dataloader.base - INFO - M464-S015: KEPT - 109888 sequences (109888 clones)
2026-03-12 10:12:08,260 - malid.dataloader.base - INFO - M464-S016: KEPT - 129870 sequences (129870 clones)
2026-03-12 10:12:08,886 - malid.dataloader.base - INFO - M464-S017: KEPT - 135711 sequences (135711 clones)
2026-03-12 10:12:09,023 - malid.dataloader.base - INFO - M464-S023: KEPT - 23371 sequences (23371 clones)
2026-03-12 10:12:09,521 - malid.dataloader.base - INFO - M464-S024: KEPT - 129136 sequences (129136 clones)
2026-03-12 10:12:09,822 - malid.dataloader.base - INFO - M464-S028: KEPT - 92098 sequences (92098 clones)
2026-03-12 10:12:10,046 - malid.dataloader.base - INFO - M464-S030: KEPT - 89874 sequences (89874 clones)
2026-03-12 10:12:10,490 - malid.dataloader.base - INFO - M464-S031: KEPT - 80390 sequences (80390 clones)
2026-03-12 10:12:10,980 - malid.dataloader.base - INFO - M464-S032: KEPT - 98372 sequences (98372 clones)
2026-03-12 10:12:11,539 - malid.dataloader.base - INFO - M464-S035: KEPT - 107243 sequences (107243 clones)
2026-03-12 10:12:11,683 - malid.dataloader.base - INFO - M464-S046: KEPT - 29347 sequences (29347 clones)
2026-03-12 10:12:11,778 - malid.dataloader.base - INFO - M491-S088: KEPT - 23244 sequences (23244 clones)
2026-03-12 10:12:11,878 - malid.dataloader.base - INFO - M111-S033: KEPT - 46514 sequences (46514 clones)
2026-03-12 10:12:11,987 - malid.dataloader.base - INFO - M111-S038: KEPT - 48741 sequences (48741 clones)
2026-03-12 10:12:12,074 - malid.dataloader.base - INFO - M111-S040: KEPT - 37612 sequences (37612 clones)
2026-03-12 10:12:12,145 - malid.dataloader.base - INFO - M111-S041: KEPT - 24851 sequences (24851 clones)
2026-03-12 10:12:12,243 - malid.dataloader.base - INFO - M111-S039: KEPT - 34011 sequences (34011 clones)
2026-03-12 10:12:12,357 - malid.dataloader.base - INFO - M111-S022: KEPT - 37430 sequences (37430 clones)
2026-03-12 10:12:12,582 - malid.dataloader.base - INFO - M111-S019: KEPT - 42643 sequences (42643 clones)
2026-03-12 10:12:12,926 - malid.dataloader.base - INFO - M111-S013: KEPT - 53705 sequences (53705 clones)
2026-03-12 10:12:13,025 - malid.dataloader.base - INFO - M111-S032: KEPT - 29414 sequences (29414 clones)
2026-03-12 10:12:13,159 - malid.dataloader.base - INFO - M111-S027: KEPT - 28369 sequences (28369 clones)
2026-03-12 10:12:13,357 - malid.dataloader.base - INFO - M111-S008: KEPT - 24944 sequences (24944 clones)
2026-03-12 10:12:13,551 - malid.dataloader.base - INFO - M111-S053: KEPT - 31004 sequences (31004 clones)
2026-03-12 10:12:13,923 - malid.dataloader.base - INFO - M111-S044: KEPT - 46412 sequences (46412 clones)
2026-03-12 10:12:14,141 - malid.dataloader.base - INFO - M111-S006: KEPT - 35573 sequences (35573 clones)
2026-03-12 10:12:14,450 - malid.dataloader.base - INFO - M111-S050: KEPT - 55446 sequences (55446 clones)
2026-03-12 10:12:14,569 - malid.dataloader.base - INFO - M111-S012: KEPT - 27598 sequences (27598 clones)
2026-03-12 10:12:14,864 - malid.dataloader.base - INFO - M111-S052: KEPT - 56630 sequences (56630 clones)
2026-03-12 10:12:15,058 - malid.dataloader.base - INFO - M111-S049: KEPT - 46676 sequences (46676 clones)
2026-03-12 10:12:15,836 - malid.dataloader.base - INFO - M111-S029: KEPT - 79083 sequences (79083 clones)
2026-03-12 10:12:15,916 - malid.dataloader.base - INFO - M124-S046: KEPT - 33890 sequences (33890 clones)
2026-03-12 10:12:16,025 - malid.dataloader.base - INFO - M124-S049: KEPT - 25799 sequences (25799 clones)
2026-03-12 10:12:16,126 - malid.dataloader.base - INFO - M124-S050: KEPT - 42024 sequences (42024 clones)
2026-03-12 10:12:16,297 - malid.dataloader.base - INFO - M124-S051: KEPT - 57265 sequences (57265 clones)
2026-03-12 10:12:16,368 - malid.dataloader.base - INFO - M124-S053: KEPT - 31983 sequences (31983 clones)
2026-03-12 10:12:16,523 - malid.dataloader.base - INFO - M124-S057: KEPT - 41345 sequences (41345 clones)
2026-03-12 10:12:16,747 - malid.dataloader.base - INFO - M124-S059: KEPT - 44264 sequences (44264 clones)
2026-03-12 10:12:16,993 - malid.dataloader.base - INFO - M124-S076: KEPT - 51830 sequences (51830 clones)
2026-03-12 10:12:17,092 - malid.dataloader.base - INFO - M124-S079: KEPT - 36716 sequences (36716 clones)
2026-03-12 10:12:17,277 - malid.dataloader.base - INFO - M124-S081: KEPT - 39709 sequences (39709 clones)
2026-03-12 10:12:17,429 - malid.dataloader.base - INFO - M124-S082: KEPT - 35530 sequences (35530 clones)
2026-03-12 10:12:17,847 - malid.dataloader.base - INFO - M124-S084: KEPT - 47348 sequences (47348 clones)
2026-03-12 10:12:18,034 - malid.dataloader.base - INFO - M124-S087: KEPT - 38663 sequences (38663 clones)
2026-03-12 10:12:18,566 - malid.dataloader.base - INFO - M447-S033: KEPT - 50283 sequences (50283 clones)
2026-03-12 10:12:18,868 - malid.dataloader.base - INFO - M447-S036: KEPT - 47562 sequences (47562 clones)
2026-03-12 10:12:19,272 - malid.dataloader.base - INFO - M447-S039: KEPT - 68359 sequences (68359 clones)
2026-03-12 10:12:19,378 - malid.dataloader.base - INFO - M447-S043: KEPT - 38143 sequences (38143 clones)
2026-03-12 10:12:19,940 - malid.dataloader.base - INFO - M447-S001: KEPT - 69669 sequences (69669 clones)
2026-03-12 10:12:20,047 - malid.dataloader.base - INFO - M447-S005: KEPT - 33256 sequences (33256 clones)
2026-03-12 10:12:20,484 - malid.dataloader.base - INFO - M447-S006: KEPT - 82325 sequences (82325 clones)
2026-03-12 10:12:20,785 - malid.dataloader.base - INFO - M447-S020: KEPT - 60501 sequences (60501 clones)
2026-03-12 10:12:21,079 - malid.dataloader.base - INFO - M447-S024: KEPT - 63969 sequences (63969 clones)
2026-03-12 10:12:21,301 - malid.dataloader.base - INFO - M447-S027: KEPT - 47076 sequences (47076 clones)
2026-03-12 10:12:21,458 - malid.dataloader.base - INFO - M447-S028: KEPT - 51713 sequences (51713 clones)
2026-03-12 10:12:21,749 - malid.dataloader.base - INFO - M447-S030: KEPT - 63042 sequences (63042 clones)
2026-03-12 10:12:21,864 - malid.dataloader.base - INFO - M454-S011: KEPT - 9125 sequences (9125 clones)
2026-03-12 10:12:22,082 - malid.dataloader.base - INFO - M454-S020: KEPT - 29471 sequences (29471 clones)
2026-03-12 10:12:22,121 - malid.dataloader.base - INFO - M454-S021: KEPT - 2649 sequences (2649 clones)
2026-03-12 10:12:22,491 - malid.dataloader.base - INFO - M454-S031: KEPT - 42427 sequences (42427 clones)
2026-03-12 10:12:22,978 - malid.dataloader.base - INFO - M454-S035: KEPT - 59087 sequences (59087 clones)
2026-03-12 10:12:23,437 - malid.dataloader.base - INFO - M454-S060: KEPT - 62359 sequences (62359 clones)
2026-03-12 10:12:24,967 - malid.dataloader.base - INFO - M456-S001: KEPT - 90808 sequences (90808 clones)
2026-03-12 10:12:25,243 - malid.dataloader.base - INFO - M456-S002: KEPT - 46063 sequences (46063 clones)
2026-03-12 10:12:26,176 - malid.dataloader.base - INFO - M456-S006: KEPT - 104036 sequences (104036 clones)
2026-03-12 10:12:31,041 - malid.dataloader.base - INFO - M369-S007: KEPT - 265813 sequences (265813 clones)
2026-03-12 10:12:31,165 - malid.dataloader.base - INFO - M371-S002: KEPT - 11672 sequences (11672 clones)
2026-03-12 10:12:31,260 - malid.dataloader.base - INFO - M371-S031: KEPT - 19404 sequences (19404 clones)
2026-03-12 10:12:31,278 - malid.dataloader.base - INFO - M371-S032: KEPT - 1899 sequences (1899 clones)
2026-03-12 10:12:31,330 - malid.dataloader.base - INFO - M371-S033: KEPT - 6058 sequences (6058 clones)
2026-03-12 10:12:31,527 - malid.dataloader.base - INFO - M371-S005: KEPT - 5096 sequences (5096 clones)
2026-03-12 10:12:31,571 - malid.dataloader.base - INFO - M371-S006: KEPT - 4867 sequences (4867 clones)
2026-03-12 10:12:31,614 - malid.dataloader.base - INFO - M371-S007: KEPT - 4573 sequences (4573 clones)
2026-03-12 10:12:31,729 - malid.dataloader.base - INFO - M371-S008: KEPT - 4715 sequences (4715 clones)
2026-03-12 10:12:31,789 - malid.dataloader.base - INFO - M371-S024: KEPT - 14188 sequences (14188 clones)
2026-03-12 10:12:31,980 - malid.dataloader.base - INFO - M371-S009: KEPT - 6613 sequences (6613 clones)
2026-03-12 10:12:32,062 - malid.dataloader.base - INFO - M371-S010: KEPT - 19921 sequences (19921 clones)
2026-03-12 10:12:32,126 - malid.dataloader.base - INFO - M371-S025: KEPT - 10733 sequences (10733 clones)
2026-03-12 10:12:32,189 - malid.dataloader.base - INFO - M418-S205: KEPT - 10531 sequences (10531 clones)
2026-03-12 10:12:32,221 - malid.dataloader.base - INFO - M418-S219: KEPT - 5638 sequences (5638 clones)
2026-03-12 10:12:32,297 - malid.dataloader.base - INFO - M418-S095: KEPT - 19556 sequences (19556 clones)
2026-03-12 10:12:32,346 - malid.dataloader.base - INFO - M418-S096: KEPT - 26303 sequences (26303 clones)
2026-03-12 10:12:32,479 - malid.dataloader.base - INFO - M418-S110: KEPT - 15457 sequences (15457 clones)
2026-03-12 10:12:32,521 - malid.dataloader.base - INFO - M418-S111: KEPT - 20610 sequences (20610 clones)
2026-03-12 10:12:32,567 - malid.dataloader.base - INFO - M418-S112: KEPT - 24154 sequences (24154 clones)
2026-03-12 10:12:32,628 - malid.dataloader.base - INFO - M418-S139: KEPT - 13898 sequences (13898 clones)
2026-03-12 10:12:32,705 - malid.dataloader.base - INFO - M418-S161: KEPT - 20731 sequences (20731 clones)
2026-03-12 10:12:32,746 - malid.dataloader.base - INFO - M418-S162: KEPT - 19737 sequences (19737 clones)
2026-03-12 10:12:32,810 - malid.dataloader.base - INFO - M418-S163: KEPT - 17039 sequences (17039 clones)
2026-03-12 10:12:32,862 - malid.dataloader.base - INFO - M418-S193: KEPT - 12835 sequences (12835 clones)
2026-03-12 10:12:32,915 - malid.dataloader.base - INFO - M418-S007: KEPT - 7916 sequences (7916 clones)
2026-03-12 10:12:32,955 - malid.dataloader.base - INFO - M418-S008: KEPT - 19828 sequences (19828 clones)
2026-03-12 10:12:33,010 - malid.dataloader.base - INFO - M418-S009: KEPT - 14589 sequences (14589 clones)
2026-03-12 10:12:33,059 - malid.dataloader.base - INFO - M418-S026: KEPT - 12642 sequences (12642 clones)
2026-03-12 10:12:33,106 - malid.dataloader.base - INFO - M418-S031: KEPT - 18787 sequences (18787 clones)
2026-03-12 10:12:33,154 - malid.dataloader.base - INFO - M418-S033: KEPT - 19126 sequences (19126 clones)
2026-03-12 10:12:33,194 - malid.dataloader.base - INFO - M418-S043: KEPT - 11565 sequences (11565 clones)
2026-03-12 10:12:33,243 - malid.dataloader.base - INFO - M418-S049: KEPT - 17653 sequences (17653 clones)
2026-03-12 10:12:33,394 - malid.dataloader.base - INFO - M433-S001: KEPT - 35874 sequences (35874 clones)
2026-03-12 10:12:33,448 - malid.dataloader.base - INFO - M433-S038: KEPT - 32981 sequences (32981 clones)
2026-03-12 10:12:33,501 - malid.dataloader.base - INFO - M433-S076: KEPT - 30458 sequences (30458 clones)
2026-03-12 10:12:33,551 - malid.dataloader.base - INFO - M433-S113: KEPT - 30089 sequences (30089 clones)
2026-03-12 10:12:33,708 - malid.dataloader.base - INFO - M433-S003: KEPT - 31068 sequences (31068 clones)
2026-03-12 10:12:33,757 - malid.dataloader.base - INFO - M433-S040: KEPT - 26740 sequences (26740 clones)
2026-03-12 10:12:33,783 - malid.dataloader.base - INFO - M433-S078: KEPT - 7606 sequences (7606 clones)
2026-03-12 10:12:33,836 - malid.dataloader.base - INFO - M433-S115: KEPT - 27802 sequences (27802 clones)
2026-03-12 10:12:33,999 - malid.dataloader.base - INFO - M433-S009: KEPT - 31577 sequences (31577 clones)
2026-03-12 10:12:34,054 - malid.dataloader.base - INFO - M433-S046: KEPT - 31539 sequences (31539 clones)
2026-03-12 10:12:34,117 - malid.dataloader.base - INFO - M433-S084: KEPT - 35975 sequences (35975 clones)
2026-03-12 10:12:34,172 - malid.dataloader.base - INFO - M433-S121: KEPT - 28771 sequences (28771 clones)
2026-03-12 10:12:34,332 - malid.dataloader.base - INFO - M433-S010: KEPT - 29963 sequences (29963 clones)
2026-03-12 10:12:34,379 - malid.dataloader.base - INFO - M433-S071: KEPT - 22141 sequences (22141 clones)
2026-03-12 10:12:34,422 - malid.dataloader.base - INFO - M433-S085: KEPT - 19279 sequences (19279 clones)
2026-03-12 10:12:34,488 - malid.dataloader.base - INFO - M433-S122: KEPT - 40477 sequences (40477 clones)
2026-03-12 10:12:34,633 - malid.dataloader.base - INFO - M433-S012: KEPT - 26295 sequences (26295 clones)
2026-03-12 10:12:34,697 - malid.dataloader.base - INFO - M433-S048: KEPT - 33100 sequences (33100 clones)
2026-03-12 10:12:34,732 - malid.dataloader.base - INFO - M433-S087: KEPT - 17632 sequences (17632 clones)
2026-03-12 10:12:34,785 - malid.dataloader.base - INFO - M433-S124: KEPT - 33076 sequences (33076 clones)
2026-03-12 10:12:34,960 - malid.dataloader.base - INFO - M433-S013: KEPT - 33739 sequences (33739 clones)
2026-03-12 10:12:35,022 - malid.dataloader.base - INFO - M433-S049: KEPT - 39481 sequences (39481 clones)
2026-03-12 10:12:35,071 - malid.dataloader.base - INFO - M433-S088: KEPT - 29106 sequences (29106 clones)
2026-03-12 10:12:35,139 - malid.dataloader.base - INFO - M433-S125: KEPT - 35485 sequences (35485 clones)
2026-03-12 10:12:35,328 - malid.dataloader.base - INFO - M433-S017: KEPT - 37814 sequences (37814 clones)
2026-03-12 10:12:35,395 - malid.dataloader.base - INFO - M433-S053: KEPT - 40743 sequences (40743 clones)
2026-03-12 10:12:35,464 - malid.dataloader.base - INFO - M433-S092: KEPT - 36150 sequences (36150 clones)
2026-03-12 10:12:35,529 - malid.dataloader.base - INFO - M433-S129: KEPT - 40332 sequences (40332 clones)
2026-03-12 10:12:35,718 - malid.dataloader.base - INFO - M433-S019: KEPT - 38453 sequences (38453 clones)
2026-03-12 10:12:35,780 - malid.dataloader.base - INFO - M433-S055: KEPT - 39031 sequences (39031 clones)
2026-03-12 10:12:35,832 - malid.dataloader.base - INFO - M433-S094: KEPT - 30561 sequences (30561 clones)
2026-03-12 10:12:35,905 - malid.dataloader.base - INFO - M433-S131: KEPT - 40143 sequences (40143 clones)
2026-03-12 10:12:36,072 - malid.dataloader.base - INFO - M433-S020: KEPT - 33416 sequences (33416 clones)
2026-03-12 10:12:36,125 - malid.dataloader.base - INFO - M433-S072: KEPT - 30057 sequences (30057 clones)
2026-03-12 10:12:36,159 - malid.dataloader.base - INFO - M433-S095: KEPT - 12438 sequences (12438 clones)
2026-03-12 10:12:36,216 - malid.dataloader.base - INFO - M433-S132: KEPT - 35665 sequences (35665 clones)
2026-03-12 10:12:36,399 - malid.dataloader.base - INFO - M433-S021: KEPT - 40593 sequences (40593 clones)
2026-03-12 10:12:36,444 - malid.dataloader.base - INFO - M433-S073: KEPT - 24617 sequences (24617 clones)
2026-03-12 10:12:36,505 - malid.dataloader.base - INFO - M433-S096: KEPT - 37219 sequences (37219 clones)
2026-03-12 10:12:36,576 - malid.dataloader.base - INFO - M433-S133: KEPT - 42340 sequences (42340 clones)
2026-03-12 10:12:36,771 - malid.dataloader.base - INFO - M433-S022: KEPT - 35155 sequences (35155 clones)
2026-03-12 10:12:36,828 - malid.dataloader.base - INFO - M433-S056: KEPT - 36169 sequences (36169 clones)
2026-03-12 10:12:36,887 - malid.dataloader.base - INFO - M433-S097: KEPT - 36769 sequences (36769 clones)
2026-03-12 10:12:36,937 - malid.dataloader.base - INFO - M433-S134: KEPT - 29292 sequences (29292 clones)
2026-03-12 10:12:37,122 - malid.dataloader.base - INFO - M433-S023: KEPT - 42019 sequences (42019 clones)
2026-03-12 10:12:37,185 - malid.dataloader.base - INFO - M433-S057: KEPT - 40731 sequences (40731 clones)
2026-03-12 10:12:37,256 - malid.dataloader.base - INFO - M433-S098: KEPT - 41539 sequences (41539 clones)
2026-03-12 10:12:37,299 - malid.dataloader.base - INFO - M433-S135: KEPT - 26573 sequences (26573 clones)
2026-03-12 10:12:37,476 - malid.dataloader.base - INFO - M433-S032: KEPT - 36802 sequences (36802 clones)
2026-03-12 10:12:37,538 - malid.dataloader.base - INFO - M433-S065: KEPT - 37701 sequences (37701 clones)
2026-03-12 10:12:37,600 - malid.dataloader.base - INFO - M433-S107: KEPT - 37469 sequences (37469 clones)
2026-03-12 10:12:37,641 - malid.dataloader.base - INFO - M433-S143: KEPT - 26732 sequences (26732 clones)
2026-03-12 10:12:37,718 - malid.dataloader.base - INFO - M491-S002: KEPT - 21327 sequences (21327 clones)
2026-03-12 10:12:37,785 - malid.dataloader.base - INFO - M491-S006: KEPT - 35541 sequences (35541 clones)
2026-03-12 10:12:37,850 - malid.dataloader.base - INFO - M491-S007: KEPT - 35015 sequences (35015 clones)
2026-03-12 10:12:37,915 - malid.dataloader.base - INFO - M491-S013: KEPT - 33433 sequences (33433 clones)
2026-03-12 10:12:37,971 - malid.dataloader.base - INFO - M491-S015: KEPT - 28434 sequences (28434 clones)
2026-03-12 10:12:38,017 - malid.dataloader.base - INFO - M491-S028: KEPT - 19845 sequences (19845 clones)
2026-03-12 10:12:38,069 - malid.dataloader.base - INFO - M491-S040: KEPT - 24628 sequences (24628 clones)
2026-03-12 10:12:38,119 - malid.dataloader.base - INFO - M491-S043: KEPT - 22797 sequences (22797 clones)
2026-03-12 10:12:38,164 - malid.dataloader.base - INFO - M491-S050: KEPT - 16895 sequences (16895 clones)
2026-03-12 10:12:38,216 - malid.dataloader.base - INFO - M491-S051: KEPT - 25570 sequences (25570 clones)
2026-03-12 10:12:38,269 - malid.dataloader.base - INFO - M491-S052: KEPT - 25977 sequences (25977 clones)
2026-03-12 10:12:38,325 - malid.dataloader.base - INFO - M491-S053: KEPT - 27830 sequences (27830 clones)
2026-03-12 10:12:38,382 - malid.dataloader.base - INFO - M491-S072: KEPT - 29644 sequences (29644 clones)
2026-03-12 10:12:38,441 - malid.dataloader.base - INFO - M491-S074: KEPT - 27818 sequences (27818 clones)
2026-03-12 10:12:38,510 - malid.dataloader.base - INFO - M491-S078: KEPT - 33442 sequences (33442 clones)
2026-03-12 10:12:38,572 - malid.dataloader.base - INFO - M491-S079: KEPT - 29250 sequences (29250 clones)
2026-03-12 10:12:38,625 - malid.dataloader.base - INFO - M491-S090: KEPT - 24182 sequences (24182 clones)
2026-03-12 10:12:38,690 - malid.dataloader.base - INFO - M491-S091: KEPT - 30095 sequences (30095 clones)
2026-03-12 10:12:38,744 - malid.dataloader.base - INFO - M491-S093: KEPT - 22902 sequences (22902 clones)
2026-03-12 10:12:38,795 - malid.dataloader.base - INFO - M491-S097: KEPT - 21412 sequences (21412 clones)
2026-03-12 10:12:38,854 - malid.dataloader.base - INFO - M491-S099: KEPT - 28220 sequences (28220 clones)
2026-03-12 10:12:38,917 - malid.dataloader.base - INFO - M491-S105: KEPT - 29378 sequences (29378 clones)
2026-03-12 10:12:38,989 - malid.dataloader.base - INFO - M491-S112: KEPT - 33865 sequences (33865 clones)
2026-03-12 10:12:39,056 - malid.dataloader.base - INFO - M491-S116: KEPT - 32670 sequences (32670 clones)
2026-03-12 10:12:39,109 - malid.dataloader.base - INFO - M491-S118: KEPT - 24770 sequences (24770 clones)
2026-03-12 10:12:39,163 - malid.dataloader.base - INFO - M491-S120: KEPT - 24113 sequences (24113 clones)
2026-03-12 10:12:39,220 - malid.dataloader.base - INFO - M491-S125: KEPT - 23987 sequences (23987 clones)
2026-03-12 10:12:39,270 - malid.dataloader.base - INFO - M491-S134: KEPT - 19791 sequences (19791 clones)
2026-03-12 10:12:39,332 - malid.dataloader.base - INFO - M491-S138: KEPT - 24471 sequences (24471 clones)
2026-03-12 10:12:39,391 - malid.dataloader.base - INFO - M491-S145: KEPT - 24653 sequences (24653 clones)
2026-03-12 10:12:42,423 - __main__ - INFO -   Loaded: 180 specimens, 7,924,649 sequences
2026-03-12 10:12:56,941 - __main__ - INFO -   After V gene alignment: 7,451,745 sequences (94.0%)
2026-03-12 10:12:56,942 - __main__ - INFO - Extracting test features...
2026-03-12 10:12:56,942 - malid.models.model1_repertoire - INFO - Extracting features from 7451745 sequences
2026-03-12 10:12:59,060 - malid.models.model1_repertoire - INFO - Extracted features: 180 specimens × 364 features
2026-03-12 10:12:59,190 - __main__ - INFO -   Test features: 180 specimens × 364 features
2026-03-12 10:12:59,190 - __main__ - INFO - Evaluating on test set...
2026-03-12 10:12:59,207 - __main__ - INFO - 
  Results:
2026-03-12 10:12:59,207 - __main__ - INFO -     Accuracy: 0.706
2026-03-12 10:12:59,207 - __main__ - INFO -     AUROC (OvO, weighted): 0.948
2026-03-12 10:12:59,207 - __main__ - INFO -     AUPRC (OvO, weighted): 0.821
2026-03-12 10:12:59,207 - __main__ - INFO -     Log loss: 0.695
2026-03-12 10:12:59,207 - __main__ - INFO -   Per-class AUROC (OvR):
2026-03-12 10:12:59,207 - __main__ - INFO -     Covid19: 0.955
2026-03-12 10:12:59,207 - __main__ - INFO -     HIV: 0.971
2026-03-12 10:12:59,207 - __main__ - INFO -     Healthy/Background: 0.921
2026-03-12 10:12:59,207 - __main__ - INFO -     Influenza: 0.979
2026-03-12 10:12:59,207 - __main__ - INFO -     Lupus: 0.907
2026-03-12 10:12:59,207 - __main__ - INFO -     T1D: 0.970
2026-03-12 10:12:59,207 - malid.models.base - INFO - Saving model to models/model1/lasso_cv.fold2.pkl
2026-03-12 10:12:59,209 - malid.models.base - INFO - Model saved successfully
2026-03-12 10:12:59,209 - __main__ - INFO -   Model saved: models/model1/lasso_cv.fold2.pkl
2026-03-12 10:12:59,211 - __main__ - INFO -   Predictions saved: models/model1/lasso_cv.fold2.predictions.csv
2026-03-12 10:12:59,212 - __main__ - INFO -   V genes saved: models/model1/lasso_cv.fold2.v_genes.json
2026-03-12 10:13:10,820 - __main__ - INFO - 
============================================================
2026-03-12 10:13:10,821 - __main__ - INFO - SUMMARY
2026-03-12 10:13:10,821 - __main__ - INFO - ============================================================

2026-03-12 10:13:10,824 - __main__ - INFO - Folds completed: 3/3
2026-03-12 10:13:10,824 - __main__ - INFO - 
Global metrics (following paper methodology):
2026-03-12 10:13:10,824 - __main__ - INFO -   Accuracy (concatenated predictions): 0.702
2026-03-12 10:13:10,824 - __main__ - INFO -   Accuracy (per-fold average): 0.702 ± 0.026
2026-03-12 10:13:10,824 - __main__ - INFO - 
Probability-based metrics (per-fold then averaged):
2026-03-12 10:13:10,824 - __main__ - INFO -   AUROC (OvO, weighted): 0.943 ± 0.007
2026-03-12 10:13:10,824 - __main__ - INFO -   AUPRC (OvO, weighted): 0.810 ± 0.025
2026-03-12 10:13:10,824 - __main__ - INFO -   Log loss: 0.739 ± 0.040
2026-03-12 10:13:10,824 - __main__ - INFO - 
Per-class AUROC (OvR, per-fold then averaged):
2026-03-12 10:13:10,824 - __main__ - INFO -   Covid19: 0.951 ± 0.008
2026-03-12 10:13:10,824 - __main__ - INFO -   HIV: 0.967 ± 0.004
2026-03-12 10:13:10,824 - __main__ - INFO -   Healthy/Background: 0.925 ± 0.008
2026-03-12 10:13:10,824 - __main__ - INFO -   Influenza: 0.971 ± 0.019
2026-03-12 10:13:10,824 - __main__ - INFO -   Lupus: 0.921 ± 0.013
2026-03-12 10:13:10,824 - __main__ - INFO -   T1D: 0.938 ± 0.028
2026-03-12 10:13:10,824 - __main__ - INFO - 
Per-fold results:
2026-03-12 10:13:10,824 - __main__ - INFO -   Fold 0: Acc=0.674, AUROC=0.935, AUPRC=0.781
2026-03-12 10:13:10,824 - __main__ - INFO -   Fold 1: Acc=0.726, AUROC=0.946, AUPRC=0.829
2026-03-12 10:13:10,824 - __main__ - INFO -   Fold 2: Acc=0.706, AUROC=0.948, AUPRC=0.821
2026-03-12 10:13:10,826 - __main__ - INFO - 
Results saved to:
2026-03-12 10:13:10,826 - __main__ - INFO -   JSON: models/model1/lasso_cv.results_20260312_100308.json
2026-03-12 10:13:10,826 - __main__ - INFO -   Markdown: models/model1/lasso_cv.RESULTS_20260312_100308.md
2026-03-12 10:13:10,826 - __main__ - INFO -   Log: models/model1/training_20260312_100308.log
2026-03-12 10:13:10,826 - __main__ - INFO - 
Completed: 2026-03-12 10:13:10
2026-03-12 10:13:10,826 - __main__ - INFO - ============================================================
